project_id,project_name,web_url,video_id,auto_label,manual_label,manual_relevance_raw,manual_noise_type,stats_play_count,label_changed
1,春节,https://www.tiktok.com/@shunlinainai2/video/7625496809963621654,7625496809963621654,low_relevance,low_relevance,不相关,,64800000,False
1,春节,https://www.tiktok.com/@jjmo9223/video/7387439581605498155,7387439581605498155,low_relevance,low_relevance,不相关,主题无关,2900000,False
2,中国传统制茶技艺及其相关习俗,https://www.tiktok.com/@kinfluencer100/video/7577425142435908882,7577425142435908882,low_relevance,low_relevance,不相关,主题无关,16500000,False
3,太极拳,https://www.tiktok.com/@kungfuteam/video/7635089409666256146,7635089409666256146,needs_review,low_relevance,不相关,,10800000,True
4,送王船,https://www.tiktok.com/@china.boys1/video/7559860433167928577,7559860433167928577,needs_review,low_relevance,不相关,主题无关,6200000,True
4,送王船,https://www.tiktok.com/@__oo__o_o__/video/7244092289725779202,7244092289725779202,low_relevance,low_relevance,不相关,主题无关,9900000,False
4,送王船,https://www.tiktok.com/@ong_chu_nha_que/video/6951247895182036225,6951247895182036225,likely_relevant,low_relevance,不相关,主题无关,9100000,True
4,送王船,https://www.tiktok.com/@ongkinhtrending/video/7351751895377120530,7351751895377120530,low_relevance,low_relevance,不相关,主题无关,10400000,False
4,送王船,https://www.tiktok.com/@seymagalaxynavatra/video/7414511887024426258,7414511887024426258,low_relevance,low_relevance,不相关,主题无关,17700000,False
4,送王船,https://www.tiktok.com/@longchunchun/video/7398811777930104071,7398811777930104071,likely_relevant,low_relevance,不相关,主题无关,6000000,True
4,送王船,https://www.tiktok.com/@janet252539/video/7206675869862022401,7206675869862022401,needs_review,low_relevance,不相关,主题无关,8300000,True
4,送王船,https://www.tiktok.com/@khat_019/video/7617709236507675924,7617709236507675924,low_relevance,low_relevance,不相关,主题无关,20300000,False
4,送王船,https://www.tiktok.com/@handyyang1/video/7404731973144481030,7404731973144481030,likely_relevant,low_relevance,不相关,主题无关,6100000,True
4,送王船,https://www.tiktok.com/@sydneypalmieri/video/7048820034889682182,7048820034889682182,low_relevance,low_relevance,不相关,主题无关,10800000,False
5,藏医药浴法,https://www.tiktok.com/@juliiachinaa/video/7480949505785974046,7480949505785974046,low_relevance,low_relevance,不相关,主题无关,10700000,False
5,藏医药浴法,https://www.tiktok.com/@zhangyao145/video/7562784547335687431,7562784547335687431,needs_review,low_relevance,不相关,主题无关,3300000,True
5,藏医药浴法,https://www.tiktok.com/@kinfluencer100/video/7577425142435908882,7577425142435908882,low_relevance,low_relevance,不相关,主题无关,16500000,False
5,藏医药浴法,https://www.tiktok.com/@jhampalove/video/7397580111278624042,7397580111278624042,likely_relevant,low_relevance,不相关,主题无关,134000,True
5,藏医药浴法,https://www.tiktok.com/@needsumbitches/video/7618885396566445320,7618885396566445320,low_relevance,low_relevance,不相关,主题无关,9700000,False
5,藏医药浴法,https://www.tiktok.com/@69scorpionqueen/video/7058758162630872322,7058758162630872322,low_relevance,low_relevance,不相关,主题无关,38400000,False
5,藏医药浴法,https://www.tiktok.com/@easternphilosophy/video/7183893845682228523,7183893845682228523,likely_relevant,low_relevance,不相关,主题无关,210800,True
5,藏医药浴法,https://www.tiktok.com/@cleo_abrahams/video/7126331545304059137,7126331545304059137,likely_relevant,likely_relevant,相关,,282900,False
5,藏医药浴法,https://www.tiktok.com/@blessing_tibetanthangka/video/7491338711561440554,7491338711561440554,low_relevance,low_relevance,不相关,蹭热门标签,622100,False
5,藏医药浴法,https://www.tiktok.com/@earth2mars/video/7474850488287022358,7474850488287022358,needs_review,low_relevance,不相关,主题无关,2300000,True
5,藏医药浴法,https://www.tiktok.com/@galimarli/video/7608049292615568661,7608049292615568661,low_relevance,low_relevance,不相关,主题无关,8600000,False
6,二十四节气,https://www.tiktok.com/@naivepanda/video/7294477077875608863,7294477077875608863,needs_review,low_relevance,不相关,主题无关,5000000,True
6,二十四节气,https://www.tiktok.com/@.memescreens/video/7624787630131105042,7624787630131105042,needs_review,low_relevance,不相关,主题无关,5900000,True
6,二十四节气,https://www.tiktok.com/@xiakehongchen1/video/7526105955638005006,7526105955638005006,low_relevance,low_relevance,不相关,主题无关,9600000,False
6,二十四节气,https://www.tiktok.com/@l0nelysoul0/video/7629582028886789406,7629582028886789406,low_relevance,low_relevance,不相关,主题无关,38700000,False
6,二十四节气,https://www.tiktok.com/@.memescreens/video/7624787630131105042,7624787630131105042,needs_review,low_relevance,不相关,主题无关,5900000,True
6,二十四节气,https://www.tiktok.com/@sg_zerimar1/video/7578639762173480200,7578639762173480200,low_relevance,low_relevance,不相关,主题无关,13600000,False
6,二十四节气,https://www.tiktok.com/@astroospace/video/7336361732098526469,7336361732098526469,low_relevance,low_relevance,不相关,主题无关,25000000,False
6,二十四节气,https://www.tiktok.com/@pomsterfreestyle/video/7612690924828691732,7612690924828691732,low_relevance,low_relevance,不相关,主题无关,7600000,False
6,二十四节气,https://www.tiktok.com/@whataboutaub/video/7514831391079648543,7514831391079648543,likely_relevant,low_relevance,不相关,主题无关,3800000,True
6,二十四节气,https://www.tiktok.com/@jjmo9223/video/7387439581605498155,7387439581605498155,likely_relevant,low_relevance,不相关,主题无关,2900000,True
6,二十四节气,https://www.tiktok.com/@victoriaprice09/video/7514781401036737822,7514781401036737822,likely_relevant,low_relevance,不相关,主题无关,2500000,True
7,中国珠算,https://www.tiktok.com/@linshenmekun/video/7598842429793455373,7598842429793455373,low_relevance,low_relevance,不相关,主题无关,35800000,False
7,中国珠算,https://www.tiktok.com/@ngthanhquan3/video/7627001351553273109,7627001351553273109,needs_review,low_relevance,不相关,主题无关,3700000,True
7,中国珠算,https://www.tiktok.com/@alextevoxofficial/video/7610426880805604629,7610426880805604629,needs_review,low_relevance,不相关,主题无关,2500000,True
7,中国珠算,https://www.tiktok.com/@sportstoro/video/7643747462225825045,7643747462225825045,likely_relevant,low_relevance,不相关,主题无关,22600000,True
7,中国珠算,https://www.tiktok.com/@dy991891/video/7509511552265899270,7509511552265899270,likely_relevant,low_relevance,不相关,主题无关,22400000,True
7,中国珠算,https://www.tiktok.com/@dy991891/video/7526849661034876165,7526849661034876165,likely_relevant,low_relevance,不相关,主题无关,51000000,True
7,中国珠算,https://www.tiktok.com/@unitel.bo/video/7424625111837297926,7424625111837297926,low_relevance,low_relevance,不相关,主题无关,22000000,False
7,中国珠算,https://www.tiktok.com/@superznalaczupanja/video/7593805998314261782,7593805998314261782,low_relevance,low_relevance,不相关,主题无关,22600000,False
7,中国珠算,https://www.tiktok.com/@superclever_oesterreich/video/7312854328321035552,7312854328321035552,likely_relevant,low_relevance,不相关,主题无关,18100000,True
8,福建木偶戏,https://www.tiktok.com/@goodlivinginchina/video/7614505628744043832,7614505628744043832,likely_relevant,likely_relevant,相关,,425900,False
8,福建木偶戏,https://www.tiktok.com/@vamosjuntasmx/video/7521564277711424775,7521564277711424775,likely_relevant,low_relevance,不相关,主题无关,85100,True
8,福建木偶戏,https://www.tiktok.com/@goodlivinginchina/video/7614505628744043832,7614505628744043832,needs_review,likely_relevant,相关,,425900,True
8,福建木偶戏,https://www.tiktok.com/@mongthientruong/video/7453770690328710446,7453770690328710446,likely_relevant,low_relevance,不相关,主题无关,761500,True
8,福建木偶戏,https://www.tiktok.com/@shuyam612/video/7633812852440059154,7633812852440059154,low_relevance,low_relevance,不相关,主题无关,13500000,False
8,福建木偶戏,https://www.tiktok.com/@kingmedia1111/video/7215858068993723690,7215858068993723690,needs_review,low_relevance,不相关,主题无关,12500000,True
8,福建木偶戏,https://www.tiktok.com/@yigerenyetinghaode/video/7646044803981004050,7646044803981004050,low_relevance,low_relevance,不相关,主题无关,62900000,False
8,福建木偶戏,https://www.tiktok.com/@plzboomwo/video/7568431834766249247,7568431834766249247,low_relevance,low_relevance,不相关,主题无关,45500000,False
8,福建木偶戏,https://www.tiktok.com/@pizza.55555/video/7496793604933946679,7496793604933946679,needs_review,low_relevance,不相关,主题无关,28200000,True
8,福建木偶戏,https://www.tiktok.com/@amayawickramasinghe/video/7445575459678571794,7445575459678571794,low_relevance,low_relevance,不相关,主题无关,20500000,False
8,福建木偶戏,https://www.tiktok.com/@ngthanhquan3/video/7627001351553273109,7627001351553273109,needs_review,low_relevance,不相关,主题无关,3700000,True
8,福建木偶戏,https://www.tiktok.com/@goodlivinginchina/video/7614505628744043832,7614505628744043832,needs_review,likely_relevant,相关,,425900,True
8,福建木偶戏,https://www.tiktok.com/@holalmar/video/7543242322788519186,7543242322788519186,low_relevance,low_relevance,不相关,别国同类,39500000,False
9,赫哲族伊玛堪,https://www.tiktok.com/@user8513083442827/video/7633736301002362119,7633736301002362119,low_relevance,low_relevance,不相关,主题无关,19900000,False
9,赫哲族伊玛堪,https://www.tiktok.com/@realbeijinger/video/7550190555490225439,7550190555490225439,needs_review,low_relevance,不相关,主题无关,677500,True
9,赫哲族伊玛堪,https://www.tiktok.com/@naivepanda/video/7298030733258394911,7298030733258394911,needs_review,low_relevance,不相关,主题无关,2000000,True
9,赫哲族伊玛堪,https://www.tiktok.com/@kdovvtbgjn3/video/7317611162672041221,7317611162672041221,low_relevance,low_relevance,不相关,主题无关,11900000,False
9,赫哲族伊玛堪,https://www.tiktok.com/@makabaka_popcorn/video/7389602651085884702,7389602651085884702,low_relevance,low_relevance,不相关,主题无关,18200000,False
9,赫哲族伊玛堪,https://www.tiktok.com/@mayilong0/video/7166206744530570497,7166206744530570497,low_relevance,low_relevance,不相关,主题无关,22000000,False
9,赫哲族伊玛堪,https://www.tiktok.com/@khoatngutram/video/7450114188862688530,7450114188862688530,likely_relevant,low_relevance,不相关,主题无关,1200000,True
9,赫哲族伊玛堪,https://www.tiktok.com/@zhezhehe/video/7264511179328867602,7264511179328867602,likely_relevant,low_relevance,不相关,主题无关,2300000,True
9,赫哲族伊玛堪,https://www.tiktok.com/@zhezhehe/video/7572567790519897364,7572567790519897364,likely_relevant,low_relevance,不相关,主题无关,3800000,True
9,赫哲族伊玛堪,https://www.tiktok.com/@chi_kun82/video/7589061348617768200,7589061348617768200,low_relevance,low_relevance,不相关,主题无关,11400000,False
10,中国皮影戏,https://www.tiktok.com/@pandatalk_/video/7017719800428285185,7017719800428285185,likely_relevant,likely_relevant,相关,,3300000,False
10,中国皮影戏,https://www.tiktok.com/@user3081810966148/video/7563897776203910407,7563897776203910407,likely_relevant,likely_relevant,相关,,2600000,False
10,中国皮影戏,https://www.tiktok.com/@folkart.china/video/7559080211912969493,7559080211912969493,needs_review,low_relevance,不相关,主题无关,12100000,True
10,中国皮影戏,https://www.tiktok.com/@chipotle_teatro/video/7145257021724544261,7145257021724544261,needs_review,likely_relevant,相关,,1300000,True
10,中国皮影戏,https://www.tiktok.com/@user3081810966148/video/7563897776203910407,7563897776203910407,likely_relevant,likely_relevant,相关,,2600000,False
10,中国皮影戏,https://www.tiktok.com/@chipotle_teatro/video/7145257021724544261,7145257021724544261,likely_relevant,likely_relevant,相关,,1300000,False
10,中国皮影戏,https://www.tiktok.com/@yigerenyetinghaode/video/7646044803981004050,7646044803981004050,low_relevance,low_relevance,不相关,主题无关,62900000,False
10,中国皮影戏,https://www.tiktok.com/@plzboomwo/video/7568431834766249247,7568431834766249247,low_relevance,low_relevance,不相关,主题无关,45500000,False
10,中国皮影戏,https://www.tiktok.com/@pizza.55555/video/7496793604933946679,7496793604933946679,needs_review,low_relevance,不相关,主题无关,28200000,True
10,中国皮影戏,https://www.tiktok.com/@harpermovies1/video/7616709033940094239,7616709033940094239,low_relevance,low_relevance,不相关,主题无关,39100000,False
10,中国皮影戏,https://www.tiktok.com/@amayawickramasinghe/video/7445575459678571794,7445575459678571794,low_relevance,low_relevance,不相关,主题无关,20500000,False
10,中国皮影戏,https://www.tiktok.com/@user3081810966148/video/7563897776203910407,7563897776203910407,likely_relevant,likely_relevant,相关,,2600000,False
10,中国皮影戏,https://www.tiktok.com/@sastisfactory_/video/7337371717049879813,7337371717049879813,low_relevance,low_relevance,不相关,主题无关,38200000,False
10,中国皮影戏,https://www.tiktok.com/@kissyd0lly/video/7363340399005420832,7363340399005420832,low_relevance,low_relevance,不相关,主题无关,49500000,False
11,麦西热甫,https://www.tiktok.com/@namewee/video/7393933844677790997,7393933844677790997,needs_review,low_relevance,不相关,主题无关,928100,True
11,麦西热甫,https://www.tiktok.com/@geluteer/video/7602517143514516791,7602517143514516791,low_relevance,low_relevance,不相关,主题无关,36100000,False
11,麦西热甫,https://www.tiktok.com/@xastorevietnam/video/7618459287039479061,7618459287039479061,low_relevance,low_relevance,不相关,主题无关,49000000,False
11,麦西热甫,https://www.tiktok.com/@alecanewman/video/7245102520836689194,7245102520836689194,low_relevance,low_relevance,不相关,主题无关,36200000,False
11,麦西热甫,https://www.tiktok.com/@yuji_beleza/video/7515401417339702550,7515401417339702550,likely_relevant,low_relevance,不相关,主题无关,66700000,True
11,麦西热甫,https://www.tiktok.com/@uyghuryouth/video/7326146340507995424,7326146340507995424,likely_relevant,low_relevance,不相关,主题无关,7600000,True
11,麦西热甫,https://www.tiktok.com/@gulomjon00771/video/7596650322190142742,7596650322190142742,likely_relevant,low_relevance,不相关,主题无关,4600000,True
11,麦西热甫,https://www.tiktok.com/@joeyyyds666/video/7539622309439589654,7539622309439589654,likely_relevant,low_relevance,不相关,主题无关,1000000,True
11,麦西热甫,https://www.tiktok.com/@annabewla/video/6874186416834776322,6874186416834776322,likely_relevant,low_relevance,不相关,主题无关,4600000,True
11,麦西热甫,https://www.tiktok.com/@uyghurs_voice/video/7377768102718737670,7377768102718737670,needs_review,low_relevance,不相关,主题无关,440600,True
12,中国水密隔舱福船制造技艺,https://www.tiktok.com/@usersq30uhvr2n/video/7630717425851305224,7630717425851305224,needs_review,low_relevance,不相关,主题无关,709800,True
12,中国水密隔舱福船制造技艺,https://www.tiktok.com/@junkiebffs/video/7132859667633442054,7132859667633442054,needs_review,low_relevance,不相关,主题无关,4200000,True
12,中国水密隔舱福船制造技艺,https://www.tiktok.com/@junkyyj/video/7618084140725849374,7618084140725849374,likely_relevant,low_relevance,不相关,主题无关,26100000,True
12,中国水密隔舱福船制造技艺,https://www.tiktok.com/@junkyyj/video/7555028481403309325,7555028481403309325,likely_relevant,low_relevance,不相关,主题无关,48200000,True
12,中国水密隔舱福船制造技艺,https://www.tiktok.com/@junkyyj/video/7610309549228068126,7610309549228068126,likely_relevant,low_relevance,不相关,主题无关,21100000,True
12,中国水密隔舱福船制造技艺,https://www.tiktok.com/@junkyyj/video/7538672680468270391,7538672680468270391,likely_relevant,low_relevance,不相关,主题无关,23500000,True
12,中国水密隔舱福船制造技艺,https://www.tiktok.com/@jungkook/video/7631324009992326420,7631324009992326420,low_relevance,low_relevance,不相关,主题无关,71000000,False
12,中国水密隔舱福船制造技艺,https://www.tiktok.com/@jungkook/video/7621738760065060117,7621738760065060117,low_relevance,low_relevance,不相关,主题无关,82900000,False
12,中国水密隔舱福船制造技艺,https://www.tiktok.com/@jungkook/video/7620981615036255509,7620981615036255509,low_relevance,low_relevance,不相关,主题无关,88500000,False
13,中国木活字印刷术,https://www.tiktok.com/@xiedapao88/video/7404039857405742344,7404039857405742344,likely_relevant,likely_relevant,相关,,47700000,False
13,中国木活字印刷术,https://www.tiktok.com/@xiaomijiao2/video/7487608886388706590,7487608886388706590,needs_review,likely_relevant,相关,,12800000,True
13,中国木活字印刷术,https://www.tiktok.com/@shoubkbr7m9/video/7461817575417122053,7461817575417122053,needs_review,needs_review,拿不准,同类,5400000,False
13,中国木活字印刷术,https://www.tiktok.com/@ishalcncwoodart_official/video/7591831028256296195,7591831028256296195,low_relevance,low_relevance,不相关,,83300000,False
13,中国木活字印刷术,https://www.tiktok.com/@xiaomijiao2/video/7487608886388706590,7487608886388706590,likely_relevant,likely_relevant,相关,,12800000,False
13,中国木活字印刷术,https://www.tiktok.com/@xiedapao88/video/7404039857405742344,7404039857405742344,likely_relevant,likely_relevant,相关,,47700000,False
13,中国木活字印刷术,https://www.tiktok.com/@laurierlachance/video/7123446540550688006,7123446540550688006,needs_review,low_relevance,不相关,蹭热门标签,923000,True
13,中国木活字印刷术,https://www.tiktok.com/@xiedapao88/video/7404039857405742344,7404039857405742344,likely_relevant,likely_relevant,相关,,47700000,False
13,中国木活字印刷术,https://www.tiktok.com/@unesco/video/7426288193546259744,7426288193546259744,likely_relevant,likely_relevant,相关,,32700000,False
13,中国木活字印刷术,https://www.tiktok.com/@explore.china6/video/7322759248818081055,7322759248818081055,low_relevance,likely_relevant,相关,,24400000,True
13,中国木活字印刷术,https://www.tiktok.com/@lapopitafit/video/7618304022067383574,7618304022067383574,low_relevance,low_relevance,不相关,主题无关,23900000,False
13,中国木活字印刷术,https://www.tiktok.com/@fitness.babes.my/video/7634633861628202263,7634633861628202263,low_relevance,low_relevance,不相关,主题无关,57100000,False
13,中国木活字印刷术,https://www.tiktok.com/@engineezy/video/7632096837394058516,7632096837394058516,low_relevance,low_relevance,不相关,主题无关,90100000,False
13,中国木活字印刷术,https://www.tiktok.com/@3dtoylab.official/video/7600833198972488968,7600833198972488968,needs_review,low_relevance,不相关,主题无关,7500000,True
14,京剧,https://www.tiktok.com/@fuanvos/video/7647894451268029717,7647894451268029717,needs_review,low_relevance,不相关,主题无关,896600,True
14,京剧,https://www.tiktok.com/@nostalgicobrilhante/video/7633468043795959061,7633468043795959061,low_relevance,low_relevance,不相关,主题无关,22400000,False
14,京剧,https://www.tiktok.com/@jc.lyrics21/video/7647530495391075605,7647530495391075605,needs_review,low_relevance,不相关,主题无关,3100000,True
14,京剧,https://www.tiktok.com/@brian.liu1/video/7637255776473517319,7637255776473517319,low_relevance,low_relevance,不相关,主题无关,24500000,False
14,京剧,https://www.tiktok.com/@maisieding6688/video/7159021562836913454,7159021562836913454,likely_relevant,likely_relevant,相关,,27700000,False
14,京剧,https://www.tiktok.com/@selfwho0/video/7495059041585089835,7495059041585089835,likely_relevant,low_relevance,不相关,主题无关,18900000,True
14,京剧,https://www.tiktok.com/@daniel.enrique.tello/video/7644751621070540039,7644751621070540039,low_relevance,likely_relevant,相关,,36500000,True
14,京剧,https://www.tiktok.com/@lilliancui0/video/7533816685275417887,7533816685275417887,likely_relevant,low_relevance,不相关,蹭热门标签,1500000,True
14,京剧,https://www.tiktok.com/@selfwho0/video/7495059041585089835,7495059041585089835,likely_relevant,low_relevance,不相关,主题无关,18900000,True
14,京剧,https://www.tiktok.com/@sendeculture/video/6994670190596295937,6994670190596295937,likely_relevant,likely_relevant,相关,,17700000,False
14,京剧,https://www.tiktok.com/@liqinhdzuxk/video/7627515281144925471,7627515281144925471,needs_review,needs_review,拿不准,,6700000,False
14,京剧,https://www.tiktok.com/@lilliancui0/video/7533816685275417887,7533816685275417887,likely_relevant,low_relevance,不相关,蹭热门标签,1500000,True
14,京剧,https://www.tiktok.com/@daniel.enrique.tello/video/7644751621070540039,7644751621070540039,low_relevance,likely_relevant,相关,,36500000,True
14,京剧,https://www.tiktok.com/@liqinhdzuxk/video/7627515281144925471,7627515281144925471,needs_review,needs_review,拿不准,,6700000,False
14,京剧,https://www.tiktok.com/@clou11103/video/7575850528962350358,7575850528962350358,likely_relevant,low_relevance,不相关,主题无关,4300000,True
14,京剧,https://www.tiktok.com/@lilliancui0/video/7533816685275417887,7533816685275417887,likely_relevant,low_relevance,不相关,蹭热门标签,1500000,True
14,京剧,https://www.tiktok.com/@selfwho0/video/7495059041585089835,7495059041585089835,likely_relevant,low_relevance,不相关,主题无关,18900000,True
14,京剧,https://www.tiktok.com/@globalfrontlineofficial/video/7635223005253143828,7635223005253143828,needs_review,low_relevance,不相关,主题无关,7400000,True
14,京剧,https://www.tiktok.com/@nostalgicobrilhante/video/7633468043795959061,7633468043795959061,low_relevance,low_relevance,不相关,主题无关,22400000,False
15,中医针灸,https://www.tiktok.com/@kungfuteam/video/7635089409666256146,7635089409666256146,needs_review,low_relevance,不相关,,10800000,True
15,中医针灸,https://www.tiktok.com/@alphabody.au/video/7435545793227918610,7435545793227918610,needs_review,needs_review,拿不准,,15300000,False
15,中医针灸,https://www.tiktok.com/@drdavidabbasi/video/7645338547234295070,7645338547234295070,low_relevance,low_relevance,不相关,主题无关,21600000,False
15,中医针灸,https://www.tiktok.com/@anew.acu/video/7113681576579452203,7113681576579452203,likely_relevant,low_relevance,不相关,主题无关,24600000,True
15,中医针灸,https://www.tiktok.com/@helpfulthought/video/7480357482418687254,7480357482418687254,low_relevance,needs_review,拿不准,,31000000,True
15,中医针灸,https://www.tiktok.com/@ritakharita/video/7311475414835170592,7311475414835170592,likely_relevant,low_relevance,不相关,蹭热门标签,34700000,True
15,中医针灸,https://www.tiktok.com/@4iped/video/7361409361027058945,7361409361027058945,likely_relevant,low_relevance,不相关,主题无关,24700000,True
15,中医针灸,https://www.tiktok.com/@geotherapy/video/7416634811328007456,7416634811328007456,likely_relevant,likely_relevant,相关,,15800000,False
16,黎族传统纺染织绣技艺,https://www.tiktok.com/@littleturtlelisa/video/7073738129185738030,7073738129185738030,likely_relevant,likely_relevant,相关,,4100000,False
16,黎族传统纺染织绣技艺,https://www.tiktok.com/@littleturtlelisa/video/7409140339413470495,7409140339413470495,likely_relevant,likely_relevant,相关,,5400000,False
16,黎族传统纺染织绣技艺,https://www.tiktok.com/@littleturtlelisa/video/7317593985588055342,7317593985588055342,likely_relevant,likely_relevant,相关,,2200000,False
16,黎族传统纺染织绣技艺,https://www.tiktok.com/@1ucifer.sson/video/7599002501131635975,7599002501131635975,low_relevance,low_relevance,不相关,主题无关,20400000,False
16,黎族传统纺染织绣技艺,https://www.tiktok.com/@ncllsrrn/video/7474568974320110849,7474568974320110849,low_relevance,low_relevance,不相关,主题无关,12800000,False
16,黎族传统纺染织绣技艺,https://www.tiktok.com/@traditional.indus/video/7634924579571371286,7634924579571371286,needs_review,low_relevance,不相关,主题无关,4500000,True
16,黎族传统纺染织绣技艺,https://www.tiktok.com/@hudddjd/video/7577639681932709134,7577639681932709134,low_relevance,low_relevance,不相关,主题无关,42000000,False
16,黎族传统纺染织绣技艺,https://www.tiktok.com/@meet_east/video/7295710056752958763,7295710056752958763,low_relevance,low_relevance,不相关,同类,14100000,False
16,黎族传统纺染织绣技艺,https://www.tiktok.com/@huatieutieu/video/7631450622050454792,7631450622050454792,low_relevance,low_relevance,不相关,他国同类,53800000,False
16,黎族传统纺染织绣技艺,https://www.tiktok.com/@for.chaney.linqiunan/video/7626972893062171924,7626972893062171924,needs_review,low_relevance,不相关,蹭热门标签,4400000,True
17,中国木拱桥传统营造技艺,https://www.tiktok.com/@3yed.7/video/7641126951213600020,7641126951213600020,low_relevance,low_relevance,不相关,蹭热门标签,6700000,False
17,中国木拱桥传统营造技艺,https://www.tiktok.com/@h999888n/video/7610329801664056596,7610329801664056596,needs_review,low_relevance,不相关,主题无关,418100,True
17,中国木拱桥传统营造技艺,https://www.tiktok.com/@suny04322/video/7624795008431934752,7624795008431934752,needs_review,low_relevance,不相关,主题无关,140900,True
17,中国木拱桥传统营造技艺,https://www.tiktok.com/@indra.dahal24/video/7642174414309575957,7642174414309575957,low_relevance,low_relevance,不相关,蹭热门标签,26300000,False
17,中国木拱桥传统营造技艺,https://www.tiktok.com/@keekee4352/video/7560011907990572301,7560011907990572301,low_relevance,needs_review,拿不准,其他,6200000,True
17,中国木拱桥传统营造技艺,https://www.tiktok.com/@visitbuckspa/video/7377126597482237230,7377126597482237230,likely_relevant,low_relevance,不相关,蹭热门标签,429000,True
17,中国木拱桥传统营造技艺,https://www.tiktok.com/@thehoosierhiker/video/7403725286170266923,7403725286170266923,likely_relevant,low_relevance,不相关,蹭热门标签,1100000,True
17,中国木拱桥传统营造技艺,https://www.tiktok.com/@thomasmiller2334/video/7257632753879895339,7257632753879895339,likely_relevant,low_relevance,不相关,蹭热门标签,1400000,True
17,中国木拱桥传统营造技艺,https://www.tiktok.com/@avanteehee/video/7642560614757420319,7642560614757420319,low_relevance,low_relevance,不相关,蹭热门标签,5300000,False
17,中国木拱桥传统营造技艺,https://www.tiktok.com/@haileyhutchesonmusic/video/7241677491482463530,7241677491482463530,low_relevance,low_relevance,不相关,蹭热门标签,14400000,False
18,羌年,https://www.tiktok.com/@naivepanda/video/7298030733258394911,7298030733258394911,needs_review,low_relevance,不相关,主题无关,2000000,True
18,羌年,https://www.tiktok.com/@for.chaney.linqiunan/video/7626972893062171924,7626972893062171924,needs_review,low_relevance,不相关,蹭热门标签,4400000,True
18,羌年,https://www.tiktok.com/@explorechina786/video/7593623600540830996,7593623600540830996,low_relevance,low_relevance,不相关,蹭热门标签,41000000,False
19,侗族大歌,https://www.tiktok.com/@candiselin86/video/7267009498705972523,7267009498705972523,likely_relevant,low_relevance,不相关,主题无关,72400,True
19,侗族大歌,https://www.tiktok.com/@injectionmoldingmaster/video/7635193096686423316,7635193096686423316,likely_relevant,low_relevance,不相关,主题无关,37100,True
19,侗族大歌,https://www.tiktok.com/@unknowncultures/video/7076982398029794602,7076982398029794602,likely_relevant,low_relevance,不相关,主题无关,40000,True
19,侗族大歌,https://www.tiktok.com/@for.chaney.linqiunan/video/7626972893062171924,7626972893062171924,needs_review,low_relevance,不相关,蹭热门标签,4400000,True
19,侗族大歌,https://www.tiktok.com/@laurierlachance/video/7123446540550688006,7123446540550688006,needs_review,low_relevance,不相关,蹭热门标签,923000,True
19,侗族大歌,https://www.tiktok.com/@germangents/video/7545888844516822294,7545888844516822294,low_relevance,low_relevance,不相关,蹭热门标签,97600000,False
19,侗族大歌,https://www.tiktok.com/@jadafacer/video/7434164881231744302,7434164881231744302,low_relevance,low_relevance,不相关,蹭热门标签,6800000,False
19,侗族大歌,https://www.tiktok.com/@doroncchungus/video/7639209047526264085,7639209047526264085,low_relevance,low_relevance,不相关,蹭热门标签,18600000,False
19,侗族大歌,https://www.tiktok.com/@xsex197/video/7632275032064003335,7632275032064003335,low_relevance,low_relevance,不相关,蹭热门标签,16100000,False
19,侗族大歌,https://www.tiktok.com/@.poyyop/video/7528750952568917255,7528750952568917255,low_relevance,low_relevance,不相关,主题无关,8100000,False
20,西安鼓乐,https://www.tiktok.com/@kungfuteam/video/7635089409666256146,7635089409666256146,needs_review,low_relevance,不相关,,10800000,True
20,西安鼓乐,https://www.tiktok.com/@xiao.shagua8/video/7497224257441828118,7497224257441828118,needs_review,low_relevance,不相关,蹭热门标签,2400000,True
20,西安鼓乐,https://www.tiktok.com/@thedrumpath/video/7397040267813080336,7397040267813080336,low_relevance,low_relevance,不相关,主题无关,67200000,False
20,西安鼓乐,https://www.tiktok.com/@brandodrumss/video/7510331932308426030,7510331932308426030,low_relevance,low_relevance,不相关,主题无关,33600000,False
20,西安鼓乐,https://www.tiktok.com/@infinity_drum/video/7434569668196601144,7434569668196601144,likely_relevant,low_relevance,不相关,蹭热门标签,6000000,True
20,西安鼓乐,https://www.tiktok.com/@helowpau/video/7431986123720723755,7431986123720723755,likely_relevant,low_relevance,不相关,蹭热门标签,4200000,True
20,西安鼓乐,https://www.tiktok.com/@beammusic/video/7390958446398442760,7390958446398442760,likely_relevant,low_relevance,不相关,蹭热门标签,4000000,True
20,西安鼓乐,https://www.tiktok.com/@emilvergo/video/7497302412177214738,7497302412177214738,low_relevance,low_relevance,不相关,主题无关,42800000,False
20,西安鼓乐,https://www.tiktok.com/@tarnsoftwhip/video/7428185052883733776,7428185052883733776,low_relevance,low_relevance,不相关,蹭热门标签,29700000,False
20,西安鼓乐,https://www.tiktok.com/@stan_vanderheyden/video/7585989090156367137,7585989090156367137,low_relevance,low_relevance,不相关,蹭热门标签,32400000,False
21,中国蚕桑丝织技艺,https://www.tiktok.com/@huatieutieu/video/7631450622050454792,7631450622050454792,low_relevance,low_relevance,不相关,他国同类,53800000,False
21,中国蚕桑丝织技艺,https://www.tiktok.com/@hudddjd/video/7577639681932709134,7577639681932709134,low_relevance,low_relevance,不相关,主题无关,42000000,False
21,中国蚕桑丝织技艺,https://www.tiktok.com/@shanbai09/video/7584821887960698126,7584821887960698126,likely_relevant,low_relevance,不相关,主题无关,4800000,True
21,中国蚕桑丝织技艺,https://www.tiktok.com/@shanbai09/video/7584821887960698126,7584821887960698126,likely_relevant,low_relevance,不相关,主题无关,4800000,True
22,南音,https://www.tiktok.com/@sooooophiiia/video/7308739617677643013,7308739617677643013,likely_relevant,low_relevance,不相关,主题无关,1200000,True
22,南音,https://www.tiktok.com/@nanf_music/video/7229496868789718318,7229496868789718318,likely_relevant,low_relevance,不相关,蹭热门标签,1200000,True
22,南音,https://www.tiktok.com/@levixoneoffical1/video/7532483006053829910,7532483006053829910,likely_relevant,low_relevance,不相关,蹭热门标签,2100000,True
22,南音,https://www.tiktok.com/@jo_han2011/video/7648090999050308884,7648090999050308884,needs_review,low_relevance,不相关,蹭热门标签,541100,True
22,南音,https://www.tiktok.com/@chinese_server/video/7074192473551064346,7074192473551064346,needs_review,low_relevance,不相关,主题无关,324800,True
22,南音,https://www.tiktok.com/@cunlidenian/video/7557201122205699359,7557201122205699359,low_relevance,low_relevance,不相关,蹭热门标签,13600000,False
22,南音,https://www.tiktok.com/@mew_amane/video/7332077937182657793,7332077937182657793,low_relevance,low_relevance,不相关,主题无关,13700000,False
22,南音,https://www.tiktok.com/@macchiato_082/video/7507293124293578040,7507293124293578040,low_relevance,low_relevance,不相关,主题无关,17100000,False
22,南音,https://www.tiktok.com/@mas_erda2/video/7360346254464814342,7360346254464814342,low_relevance,low_relevance,不相关,蹭热门标签,16000000,False
22,南音,https://www.tiktok.com/@fujian1060/video/7152877072203975962,7152877072203975962,low_relevance,low_relevance,不相关,主题无关,19300000,False
24,宣纸传统制作技艺,https://www.tiktok.com/@peter.pan810/video/7277253237101677867,7277253237101677867,low_relevance,likely_relevant,相关,,30700000,True
24,宣纸传统制作技艺,https://www.tiktok.com/@carla.x33/video/7182507824432401669,7182507824432401669,likely_relevant,low_relevance,不相关,主题无关,19800000,True
24,宣纸传统制作技艺,https://www.tiktok.com/@iankyo/video/7391138461627026718,7391138461627026718,likely_relevant,low_relevance,不相关,主题无关,15100000,True
24,宣纸传统制作技艺,https://www.tiktok.com/@jeanelleats/video/7228046071807642926,7228046071807642926,likely_relevant,low_relevance,不相关,主题无关,14900000,True
24,宣纸传统制作技艺,https://www.tiktok.com/@davdlifts/video/7416496883885018398,7416496883885018398,likely_relevant,low_relevance,不相关,主题无关,28200000,True
24,宣纸传统制作技艺,https://www.tiktok.com/@lednevo4ka/video/7461031341879004458,7461031341879004458,needs_review,needs_review,拿不准,,29700000,False
24,宣纸传统制作技艺,https://www.tiktok.com/@peter.pan810/video/7277253237101677867,7277253237101677867,low_relevance,likely_relevant,相关,,30700000,True
24,宣纸传统制作技艺,https://www.tiktok.com/@meet_east/video/7130057943722003758,7130057943722003758,needs_review,low_relevance,不相关,主题无关,53000000,True
24,宣纸传统制作技艺,https://www.tiktok.com/@trendygabriel/video/7321072687260962091,7321072687260962091,low_relevance,likely_relevant,相关,,38000000,True
24,宣纸传统制作技艺,https://www.tiktok.com/@themakingof3/video/7402495869968338218,7402495869968338218,needs_review,low_relevance,不相关,主题无关,31900000,True
25,粤剧,https://www.tiktok.com/@clou11103/video/7575850528962350358,7575850528962350358,needs_review,low_relevance,不相关,主题无关,4300000,True
25,粤剧,https://www.tiktok.com/@lilliancui0/video/7533816685275417887,7533816685275417887,low_relevance,low_relevance,不相关,蹭热门标签,1500000,False
25,粤剧,https://www.tiktok.com/@liqinhdzuxk/video/7627515281144925471,7627515281144925471,low_relevance,needs_review,拿不准,,6700000,True
25,粤剧,https://www.tiktok.com/@selfwho0/video/7495059041585089835,7495059041585089835,low_relevance,low_relevance,不相关,主题无关,18900000,False
25,粤剧,https://www.tiktok.com/@lilliancui0/video/7533816685275417887,7533816685275417887,low_relevance,low_relevance,不相关,蹭热门标签,1500000,False
25,粤剧,https://www.tiktok.com/@clou11103/video/7575850528962350358,7575850528962350358,needs_review,low_relevance,不相关,主题无关,4300000,True
25,粤剧,https://www.tiktok.com/@maisieding6688/video/7159021562836913454,7159021562836913454,low_relevance,likely_relevant,相关,,27700000,True
26,格萨(斯)尔史诗传统,https://www.tiktok.com/@pemuda_polos1/video/7633734305721666836,7633734305721666836,low_relevance,low_relevance,不相关,主题无关,9000000,False
26,格萨(斯)尔史诗传统,https://www.tiktok.com/@apnews/video/7603811260664188174,7603811260664188174,low_relevance,low_relevance,不相关,主题无关,12300000,False
26,格萨(斯)尔史诗传统,https://www.tiktok.com/@ef_gesarhede/video/7468004942196837654,7468004942196837654,likely_relevant,low_relevance,不相关,主题无关,646800,True
26,格萨(斯)尔史诗传统,https://www.tiktok.com/@hayaalall/video/7609398312638221586,7609398312638221586,likely_relevant,low_relevance,不相关,主题无关,569600,True
26,格萨(斯)尔史诗传统,https://www.tiktok.com/@hayaalall/video/7616102412515904776,7616102412515904776,likely_relevant,low_relevance,不相关,主题无关,508500,True
26,格萨(斯)尔史诗传统,https://www.tiktok.com/@thegojiking574/video/7639232543551753493,7639232543551753493,low_relevance,low_relevance,不相关,蹭热门标签,11600000,False
26,格萨(斯)尔史诗传统,https://www.tiktok.com/@elestepariosiberiano/video/7276116594856660257,7276116594856660257,needs_review,low_relevance,不相关,主题无关,25400000,True
26,格萨(斯)尔史诗传统,https://www.tiktok.com/@thecannedmemes/video/7374521274476924193,7374521274476924193,needs_review,low_relevance,不相关,主题无关,32600000,True
26,格萨(斯)尔史诗传统,https://www.tiktok.com/@nksomin/video/6987630425363565850,6987630425363565850,needs_review,low_relevance,不相关,蹭热门标签,48000000,True
26,格萨(斯)尔史诗传统,https://www.tiktok.com/@blacktiph/video/6889505327650196742,6889505327650196742,needs_review,low_relevance,不相关,主题无关,31100000,True
27,龙泉青瓷传统烧制技艺,https://www.tiktok.com/@shanbai09/video/7569629481434975502,7569629481434975502,likely_relevant,likely_relevant,相关,,46100000,False
27,龙泉青瓷传统烧制技艺,https://www.tiktok.com/@traditional.indus/video/7634924579571371286,7634924579571371286,likely_relevant,low_relevance,不相关,主题无关,4500000,True
27,龙泉青瓷传统烧制技艺,https://www.tiktok.com/@shanbai09/video/7584821887960698126,7584821887960698126,needs_review,low_relevance,不相关,主题无关,4800000,True
27,龙泉青瓷传统烧制技艺,https://www.tiktok.com/@shanbai09/video/7569629481434975502,7569629481434975502,likely_relevant,likely_relevant,相关,,46100000,False
27,龙泉青瓷传统烧制技艺,https://www.tiktok.com/@aokifengchun/video/7570735562601139511,7570735562601139511,low_relevance,needs_review,拿不准,,32100000,True
27,龙泉青瓷传统烧制技艺,https://www.tiktok.com/@kirsty.liu_/video/7550906729114946846,7550906729114946846,needs_review,low_relevance,不相关,主题无关,2900000,True
27,龙泉青瓷传统烧制技艺,https://www.tiktok.com/@graypgxftz1/video/7635542993771957535,7635542993771957535,likely_relevant,low_relevance,不相关,主题无关,17300000,True
27,龙泉青瓷传统烧制技艺,https://www.tiktok.com/@user8513083442827/video/7633736301002362119,7633736301002362119,likely_relevant,low_relevance,不相关,主题无关,19900000,True
27,龙泉青瓷传统烧制技艺,https://www.tiktok.com/@graypgxftz1/video/7634490599818677534,7634490599818677534,likely_relevant,low_relevance,不相关,主题无关,16000000,True
27,龙泉青瓷传统烧制技艺,https://www.tiktok.com/@graypgxftz1/video/7635542993771957535,7635542993771957535,likely_relevant,low_relevance,不相关,主题无关,17300000,True
27,龙泉青瓷传统烧制技艺,https://www.tiktok.com/@shanbai09/video/7569629481434975502,7569629481434975502,likely_relevant,likely_relevant,相关,,46100000,False
27,龙泉青瓷传统烧制技艺,https://www.tiktok.com/@longquan.celadon/video/6871202753721535750,6871202753721535750,likely_relevant,low_relevance,不相关,,18400000,True
27,龙泉青瓷传统烧制技艺,https://www.tiktok.com/@craftheritage/video/7624096912974564621,7624096912974564621,low_relevance,likely_relevant,相关,,19700000,True
27,龙泉青瓷传统烧制技艺,https://www.tiktok.com/@shanbai09/video/7569629481434975502,7569629481434975502,likely_relevant,likely_relevant,相关,,46100000,False
27,龙泉青瓷传统烧制技艺,https://www.tiktok.com/@user8513083442827/video/7633736301002362119,7633736301002362119,likely_relevant,low_relevance,不相关,主题无关,19900000,True
27,龙泉青瓷传统烧制技艺,https://www.tiktok.com/@graypgxftz1/video/7635542993771957535,7635542993771957535,likely_relevant,low_relevance,不相关,主题无关,17300000,True
28,热贡艺术,https://www.tiktok.com/@pandaaa5669/video/7588039309542935863,7588039309542935863,needs_review,low_relevance,不相关,主题无关,1500000,True
28,热贡艺术,https://www.tiktok.com/@angelinazhq/video/7636548841428307207,7636548841428307207,needs_review,low_relevance,不相关,主题无关,656000,True
28,热贡艺术,https://www.tiktok.com/@rehome.life/video/7589872995724774670,7589872995724774670,low_relevance,low_relevance,不相关,主题无关,119400000,False
28,热贡艺术,https://www.tiktok.com/@us_queen1/video/7610445641541504286,7610445641541504286,low_relevance,low_relevance,不相关,主题无关,54500000,False
28,热贡艺术,https://www.tiktok.com/@tangyuxi0801/video/7521170337237568798,7521170337237568798,low_relevance,low_relevance,不相关,主题无关,9800000,False
28,热贡艺术,https://www.tiktok.com/@kobitaraniroy4/video/7433817087862164743,7433817087862164743,likely_relevant,low_relevance,不相关,蹭热门标签,1800000,True
28,热贡艺术,https://www.tiktok.com/@ariathome/video/7611331444446645534,7611331444446645534,low_relevance,low_relevance,不相关,蹭热门标签,11300000,False
28,热贡艺术,https://www.tiktok.com/@kgarnebro/video/7612092179355389215,7612092179355389215,low_relevance,low_relevance,不相关,主题无关,8600000,False
28,热贡艺术,https://www.tiktok.com/@blessing_tibetanthangka/video/7491338711561440554,7491338711561440554,likely_relevant,low_relevance,不相关,蹭热门标签,622100,True
28,热贡艺术,https://www.tiktok.com/@tibetanjewelry23/video/7515629845875789086,7515629845875789086,likely_relevant,low_relevance,不相关,蹭热门标签,479700,True
29,藏戏,https://www.tiktok.com/@kingmedia1111/video/7215858068993723690,7215858068993723690,needs_review,low_relevance,不相关,主题无关,12500000,True
29,藏戏,https://www.tiktok.com/@brian.liu1/video/7637255776473517319,7637255776473517319,low_relevance,low_relevance,不相关,主题无关,24500000,False
29,藏戏,https://www.tiktok.com/@shuyam612/video/7189191441602678018,7189191441602678018,low_relevance,low_relevance,不相关,主题无关,14100000,False
29,藏戏,https://www.tiktok.com/@pizza.55555/video/7496793604933946679,7496793604933946679,needs_review,low_relevance,不相关,主题无关,28200000,True
29,藏戏,https://www.tiktok.com/@shuyam612/video/7633812852440059154,7633812852440059154,low_relevance,low_relevance,不相关,主题无关,13500000,False
29,藏戏,https://www.tiktok.com/@laranaa8/video/7618553054584917261,7618553054584917261,low_relevance,low_relevance,不相关,主题无关,29500000,False
29,藏戏,https://www.tiktok.com/@sisanbaniya/video/7512446896267447559,7512446896267447559,likely_relevant,low_relevance,不相关,蹭热门标签,644600,True
29,藏戏,https://www.tiktok.com/@gangchentibet07/video/7616750284177460487,7616750284177460487,low_relevance,low_relevance,不相关,蹭热门标签,19600000,False
29,藏戏,https://www.tiktok.com/@clou11103/video/7575850528962350358,7575850528962350358,needs_review,low_relevance,不相关,主题无关,4300000,True
29,藏戏,https://www.tiktok.com/@selfwho0/video/7495059041585089835,7495059041585089835,low_relevance,low_relevance,不相关,主题无关,18900000,False
29,藏戏,https://www.tiktok.com/@kairareo/video/7581817395174477074,7581817395174477074,likely_relevant,low_relevance,不相关,主题无关,906900,True
29,藏戏,https://www.tiktok.com/@tklhamo/video/7159477903598701867,7159477903598701867,likely_relevant,low_relevance,不相关,主题无关,241300,True
30,玛纳斯,https://www.tiktok.com/@tonsaianime/video/7145736165755292954,7145736165755292954,low_relevance,low_relevance,不相关,主题无关,15000000,False
31,蒙古族呼麦,https://www.tiktok.com/@mochalatteeeee_j/video/7641989538625244423,7641989538625244423,low_relevance,low_relevance,不相关,主题无关,48400000,False
31,蒙古族呼麦,https://www.tiktok.com/@gangchentibet07/video/7616750284177460487,7616750284177460487,likely_relevant,low_relevance,不相关,蹭热门标签,19600000,True
31,蒙古族呼麦,https://www.tiktok.com/@lol_ha61/video/7618062452944669982,7618062452944669982,likely_relevant,low_relevance,不相关,主题无关,28800000,True
31,蒙古族呼麦,https://www.tiktok.com/@_aztoalex/video/7603529890654063902,7603529890654063902,low_relevance,low_relevance,不相关,主题无关,29000000,False
31,蒙古族呼麦,https://www.tiktok.com/@sivelius/video/7604310197569424661,7604310197569424661,likely_relevant,low_relevance,不相关,主题无关,28200000,True
31,蒙古族呼麦,https://www.tiktok.com/@erklen/video/7556654545070230798,7556654545070230798,needs_review,likely_relevant,相关,,47800000,True
31,蒙古族呼麦,https://www.tiktok.com/@erklen/video/7522002205973548302,7522002205973548302,needs_review,likely_relevant,相关,,36000000,True
31,蒙古族呼麦,https://www.tiktok.com/@cherylporterdiva/video/7053967134304619781,7053967134304619781,likely_relevant,low_relevance,不相关,主题无关,25000000,True
31,蒙古族呼麦,https://www.tiktok.com/@erklen/video/7544518597226401037,7544518597226401037,needs_review,likely_relevant,相关,,81000000,True
32,花儿,https://www.tiktok.com/@new.farmer.amin5/video/7648814634497051922,7648814634497051922,likely_relevant,low_relevance,不相关,蹭热门标签,243200,True
32,花儿,https://www.tiktok.com/@jamillydaianne0/video/7609770093681200405,7609770093681200405,low_relevance,low_relevance,不相关,主题无关,17400000,False
32,花儿,https://www.tiktok.com/@changfqstgp/video/7548795078542691614,7548795078542691614,likely_relevant,low_relevance,不相关,蹭热门标签,50100,True
32,花儿,https://www.tiktok.com/@mdrublesorkar/video/7579591635835637012,7579591635835637012,low_relevance,low_relevance,不相关,主题无关,18600000,False
32,花儿,https://www.tiktok.com/@m.alassaff/video/7632584830433103112,7632584830433103112,low_relevance,low_relevance,不相关,蹭热门标签,12900000,False
32,花儿,https://www.tiktok.com/@jonsom43/video/7538697919268916494,7538697919268916494,likely_relevant,low_relevance,不相关,主题无关,16800,True
32,花儿,https://www.tiktok.com/@baby_bear19999/video/7506532829501639944,7506532829501639944,low_relevance,low_relevance,不相关,主题无关,16900000,False
32,花儿,https://www.tiktok.com/@jc.lyrics21/video/7647530495391075605,7647530495391075605,needs_review,low_relevance,不相关,主题无关,3100000,True
32,花儿,https://www.tiktok.com/@bob485518/video/7587698504424852749,7587698504424852749,low_relevance,low_relevance,不相关,主题无关,20700000,False
32,花儿,https://www.tiktok.com/@sweendyran/video/7601485781860977940,7601485781860977940,needs_review,low_relevance,不相关,蹭热门标签,11000000,True
33,中国朝鲜族农乐舞,https://www.tiktok.com/@fuanvos/video/7647894451268029717,7647894451268029717,needs_review,low_relevance,不相关,主题无关,897300,True
33,中国朝鲜族农乐舞,https://www.tiktok.com/@yuyuauas33b/video/7626997558400863502,7626997558400863502,low_relevance,low_relevance,不相关,蹭热门标签,43800000,False
33,中国朝鲜族农乐舞,https://www.tiktok.com/@china.boys3/video/7626023699652545813,7626023699652545813,needs_review,low_relevance,不相关,蹭热门标签,2900000,True
33,中国朝鲜族农乐舞,https://www.tiktok.com/@shunlinainai2/video/7625496809963621654,7625496809963621654,low_relevance,low_relevance,不相关,,64800000,False
33,中国朝鲜族农乐舞,https://www.tiktok.com/@vsc9988/video/7610083871886986503,7610083871886986503,needs_review,low_relevance,不相关,主题无关,2500000,True
33,中国朝鲜族农乐舞,https://www.tiktok.com/@dailymail/video/7436049985042468138,7436049985042468138,low_relevance,low_relevance,不相关,主题无关,7400000,False
33,中国朝鲜族农乐舞,https://www.tiktok.com/@taisan_8/video/7267146683253820680,7267146683253820680,low_relevance,low_relevance,不相关,蹭热门标签,18100000,False
33,中国朝鲜族农乐舞,https://www.tiktok.com/@fair.magda.613/video/7487113834541550894,7487113834541550894,likely_relevant,low_relevance,不相关,主题无关,542800,True
33,中国朝鲜族农乐舞,https://www.tiktok.com/@fair.magda.613/video/7625516664125132045,7625516664125132045,likely_relevant,low_relevance,不相关,主题无关,746400,True
33,中国朝鲜族农乐舞,https://www.tiktok.com/@ibanathimpungose/video/7534687344331410694,7534687344331410694,likely_relevant,low_relevance,不相关,主题无关,2100000,True
33,中国朝鲜族农乐舞,https://www.tiktok.com/@nopeknovian/video/7372567979604708614,7372567979604708614,low_relevance,low_relevance,不相关,,7000000,False
35,中国篆刻,https://www.tiktok.com/@999crafts/video/7133508616191053098,7133508616191053098,likely_relevant,low_relevance,不相关,蹭热门标签,6100000,True
35,中国篆刻,https://www.tiktok.com/@hudddjd/video/7539104450992950541,7539104450992950541,low_relevance,low_relevance,不相关,主题无关,54900000,False
35,中国篆刻,https://www.tiktok.com/@hacuongtrienkhac/video/7357373245881961744,7357373245881961744,needs_review,low_relevance,不相关,蹭热门标签,6500000,True
35,中国篆刻,https://www.tiktok.com/@999crafts/video/7133508616191053098,7133508616191053098,likely_relevant,low_relevance,不相关,蹭热门标签,6100000,True
35,中国篆刻,https://www.tiktok.com/@yssealcutting/video/7415966584918871338,7415966584918871338,likely_relevant,low_relevance,不相关,蹭热门标签,7100000,True
35,中国篆刻,https://www.tiktok.com/@sendeculture/video/7022520943431929089,7022520943431929089,likely_relevant,low_relevance,不相关,蹭热门标签,35600000,True
35,中国篆刻,https://www.tiktok.com/@hudddjd/video/7577639681932709134,7577639681932709134,low_relevance,low_relevance,不相关,主题无关,42000000,False
35,中国篆刻,https://www.tiktok.com/@explorechina786/video/7593623600540830996,7593623600540830996,low_relevance,low_relevance,不相关,蹭热门标签,41000000,False
35,中国篆刻,https://www.tiktok.com/@craftheritage/video/7624096912974564621,7624096912974564621,low_relevance,likely_relevant,相关,,19700000,True
35,中国篆刻,https://www.tiktok.com/@juewuxiansheng/video/7549384380699970846,7549384380699970846,needs_review,low_relevance,不相关,主题无关,27600000,True
35,中国篆刻,https://www.tiktok.com/@sendeculture/video/7022520943431929089,7022520943431929089,likely_relevant,low_relevance,不相关,蹭热门标签,35600000,True
35,中国篆刻,https://www.tiktok.com/@luismiguello/video/7640419246429703446,7640419246429703446,low_relevance,low_relevance,不相关,主题无关,42100000,False
35,中国篆刻,https://www.tiktok.com/@seal_sealion/video/7584755757833325879,7584755757833325879,low_relevance,low_relevance,不相关,主题无关,156700000,False
36,中国剪纸,https://www.tiktok.com/@brian.liu1/video/7637255776473517319,7637255776473517319,low_relevance,low_relevance,不相关,主题无关,24500000,False
37,中国传统木结构建筑营造技艺,https://www.tiktok.com/@user40477079454357/video/7546593395041389855,7546593395041389855,likely_relevant,needs_review,拿不准,,3300000,True
37,中国传统木结构建筑营造技艺,https://www.tiktok.com/@shoubkbr7m9/video/7480814745877007621,7480814745877007621,needs_review,low_relevance,不相关,同类,5900000,True
37,中国传统木结构建筑营造技艺,https://www.tiktok.com/@marinerpoet/video/7567053398458060063,7567053398458060063,low_relevance,low_relevance,不相关,主题无关,24700000,False
37,中国传统木结构建筑营造技艺,https://www.tiktok.com/@shoubkbr7m9/video/7461817575417122053,7461817575417122053,needs_review,needs_review,拿不准,同类,5400000,False
37,中国传统木结构建筑营造技艺,https://www.tiktok.com/@marinerpoet/video/7631412594758126879,7631412594758126879,low_relevance,low_relevance,不相关,主题无关,30400000,False
37,中国传统木结构建筑营造技艺,https://www.tiktok.com/@ishalcncwoodart_official/video/7591831028256296195,7591831028256296195,low_relevance,low_relevance,不相关,,83300000,False
37,中国传统木结构建筑营造技艺,https://www.tiktok.com/@shelterinstitute/video/7178939278246956331,7178939278246956331,likely_relevant,low_relevance,不相关,同类,21200000,True
37,中国传统木结构建筑营造技艺,https://www.tiktok.com/@3d.mystery/video/7560486041916853559,7560486041916853559,low_relevance,low_relevance,不相关,主题无关,22300000,False
37,中国传统木结构建筑营造技艺,https://www.tiktok.com/@yasminvonroon/video/7236440586453011738,7236440586453011738,likely_relevant,low_relevance,不相关,主题无关,7400000,True
37,中国传统木结构建筑营造技艺,https://www.tiktok.com/@jyd_models/video/7487163492831907118,7487163492831907118,low_relevance,low_relevance,不相关,主题无关,36000000,False
37,中国传统木结构建筑营造技艺,https://www.tiktok.com/@hanjinping/video/7620011585817283848,7620011585817283848,needs_review,low_relevance,不相关,主题无关,18000000,True
37,中国传统木结构建筑营造技艺,https://www.tiktok.com/@user40477079454357/video/7546593395041389855,7546593395041389855,likely_relevant,needs_review,拿不准,,3300000,True
37,中国传统木结构建筑营造技艺,https://www.tiktok.com/@suny04322/video/7620827964845919520,7620827964845919520,needs_review,low_relevance,不相关,主题无关,20500000,True
38,端午节,https://www.tiktok.com/@baby_bear19999/video/7506532829501639944,7506532829501639944,low_relevance,low_relevance,不相关,主题无关,16900000,False
39,妈祖信俗,https://www.tiktok.com/@ziyoufujian/video/7574320708361276685,7574320708361276685,needs_review,low_relevance,不相关,主题无关,1300000,True
39,妈祖信俗,https://www.tiktok.com/@moolaoshi/video/7194115439113424129,7194115439113424129,needs_review,low_relevance,不相关,主题无关,2800000,True
39,妈祖信俗,https://www.tiktok.com/@mazufashion/video/7349714092636114218,7349714092636114218,likely_relevant,low_relevance,不相关,主题无关,10600000,True
39,妈祖信俗,https://www.tiktok.com/@mazzu777/video/7095316737561758977,7095316737561758977,low_relevance,low_relevance,不相关,主题无关,15900000,False
39,妈祖信俗,https://www.tiktok.com/@mazzu777/video/7083716709554736385,7083716709554736385,low_relevance,low_relevance,不相关,主题无关,33600000,False
39,妈祖信俗,https://www.tiktok.com/@markostrakas/video/7290114627067792673,7290114627067792673,likely_relevant,low_relevance,不相关,主题无关,4400000,True
39,妈祖信俗,https://www.tiktok.com/@shinanova/video/6986731037648833797,6986731037648833797,likely_relevant,low_relevance,不相关,主题无关,6400000,True
39,妈祖信俗,https://www.tiktok.com/@neurodivergent_art/video/7325321700340550954,7325321700340550954,low_relevance,low_relevance,不相关,主题无关,13100000,False
39,妈祖信俗,https://www.tiktok.com/@jessechrisss/video/7466847117730909446,7466847117730909446,low_relevance,low_relevance,不相关,主题无关,14600000,False
40,中国雕版印刷技艺,https://www.tiktok.com/@tt45484/video/7334756867647786282,7334756867647786282,low_relevance,likely_relevant,相关,,23000000,True
40,中国雕版印刷技艺,https://www.tiktok.com/@shoubkbr7m9/video/7461817575417122053,7461817575417122053,needs_review,needs_review,拿不准,同类,5400000,False
40,中国雕版印刷技艺,https://www.tiktok.com/@shoubkbr7m9/video/7480814745877007621,7480814745877007621,needs_review,low_relevance,不相关,同类,5900000,True
40,中国雕版印刷技艺,https://www.tiktok.com/@tt45484/video/7335093410476330282,7335093410476330282,low_relevance,low_relevance,不相关,同类,20400000,False
40,中国雕版印刷技艺,https://www.tiktok.com/@explore.china6/video/7322759248818081055,7322759248818081055,low_relevance,likely_relevant,相关,,24400000,True
40,中国雕版印刷技艺,https://www.tiktok.com/@tt45484/video/7334756867647786282,7334756867647786282,low_relevance,likely_relevant,相关,,23000000,True
40,中国雕版印刷技艺,https://www.tiktok.com/@chinesefood388/video/7625883087649410324,7625883087649410324,low_relevance,low_relevance,不相关,主题无关,17100000,False
40,中国雕版印刷技艺,https://www.tiktok.com/@aaleiyasart/video/7245435626198191402,7245435626198191402,likely_relevant,low_relevance,不相关,主题无关,11400000,True
40,中国雕版印刷技艺,https://www.tiktok.com/@skylineprintworks/video/6980455050179005702,6980455050179005702,low_relevance,low_relevance,不相关,主题无关,21000000,False
40,中国雕版印刷技艺,https://www.tiktok.com/@paintingexplained/video/7638641049614765343,7638641049614765343,likely_relevant,low_relevance,不相关,主题无关,5200000,True
41,昆曲,https://www.tiktok.com/@vision_china/video/7615930167680044299,7615930167680044299,likely_relevant,low_relevance,不相关,蹭热门标签,759100,True
41,昆曲,https://www.tiktok.com/@lilliancui0/video/7533816685275417887,7533816685275417887,needs_review,low_relevance,不相关,蹭热门标签,1500000,True
41,昆曲,https://www.tiktok.com/@ineloc.1/video/7398241664290082054,7398241664290082054,needs_review,low_relevance,不相关,蹭热门标签,4500000,True
41,昆曲,https://www.tiktok.com/@happylifeinnz/video/7632121485129207048,7632121485129207048,low_relevance,low_relevance,不相关,蹭热门标签,12000000,False
41,昆曲,https://www.tiktok.com/@ku_13040/video/7630121231336885535,7630121231336885535,low_relevance,low_relevance,不相关,蹭热门标签,12700000,False
41,昆曲,https://www.tiktok.com/@brian.liu1/video/7637255776473517319,7637255776473517319,low_relevance,low_relevance,不相关,主题无关,24500000,False
41,昆曲,https://www.tiktok.com/@flowertownhomestead/video/7457358727289572638,7457358727289572638,low_relevance,low_relevance,不相关,蹭热门标签,17200000,False
41,昆曲,https://www.tiktok.com/@opera_san_/video/7210829990177295621,7210829990177295621,likely_relevant,low_relevance,不相关,主题无关,1700000,True
41,昆曲,https://www.tiktok.com/@.kunno/video/7636095312326692117,7636095312326692117,low_relevance,low_relevance,不相关,蹭热门标签,9500000,False
41,昆曲,https://www.tiktok.com/@vision_china/video/7615930167680044299,7615930167680044299,likely_relevant,low_relevance,不相关,蹭热门标签,759100,True
41,昆曲,https://www.tiktok.com/@pandatalk_/video/7028537159342755074,7028537159342755074,likely_relevant,low_relevance,不相关,蹭热门标签,1700000,True
42,古琴艺术,https://www.tiktok.com/@guzheng.vn/video/7559630241006718216,7559630241006718216,likely_relevant,low_relevance,不相关,蹭热门标签,5900000,True
42,古琴艺术,https://www.tiktok.com/@mizdramaholic/video/7485060943156694303,7485060943156694303,low_relevance,likely_relevant,相关,,20200000,True
42,古琴艺术,https://www.tiktok.com/@tiemdanguzheng/video/7555493177604607250,7555493177604607250,needs_review,likely_relevant,相关,,11300000,True
42,古琴艺术,https://www.tiktok.com/@ineloc.1/video/7398241664290082054,7398241664290082054,likely_relevant,low_relevance,不相关,蹭热门标签,4500000,True
42,古琴艺术,https://www.tiktok.com/@hudddjd/video/7569493475566030135,7569493475566030135,likely_relevant,low_relevance,不相关,主题无关,38900000,True
42,古琴艺术,https://www.tiktok.com/@yaogoue/video/7340222853343710506,7340222853343710506,likely_relevant,likely_relevant,相关,,4700000,False
42,古琴艺术,https://www.tiktok.com/@guqinvietnam.com/video/7379587873823001863,7379587873823001863,likely_relevant,likely_relevant,相关,,5100000,False
42,古琴艺术,https://www.tiktok.com/@tiemdanguzheng/video/7555493177604607250,7555493177604607250,needs_review,likely_relevant,相关,,11300000,True
42,古琴艺术,https://www.tiktok.com/@xiaoniudizi/video/7430673406665821448,7430673406665821448,needs_review,low_relevance,不相关,主题无关,14900000,True
42,古琴艺术,https://www.tiktok.com/@folkart.china/video/7559080211912969493,7559080211912969493,needs_review,low_relevance,不相关,主题无关,12100000,True
42,古琴艺术,https://www.tiktok.com/@tiemdanguzheng/video/7555493177604607250,7555493177604607250,needs_review,likely_relevant,相关,,11300000,True
42,古琴艺术,https://www.tiktok.com/@hongyongmusic/video/7626379239561923847,7626379239561923847,low_relevance,low_relevance,不相关,主题无关,12700000,False
43,新疆维吾尔木卡姆艺术,https://www.tiktok.com/@fangxiaojieaizhuiju/video/7641792081266035988,7641792081266035988,likely_relevant,likely_relevant,相关,,1000000,False
43,新疆维吾尔木卡姆艺术,https://www.tiktok.com/@thomastfu/video/7589712529983589653,7589712529983589653,low_relevance,low_relevance,不相关,主题无关,18000000,False
43,新疆维吾尔木卡姆艺术,https://www.tiktok.com/@tonsaianime/video/7145736165755292954,7145736165755292954,low_relevance,low_relevance,不相关,主题无关,15000000,False
43,新疆维吾尔木卡姆艺术,https://www.tiktok.com/@wangzhiyu.2026/video/7608800678684691726,7608800678684691726,low_relevance,low_relevance,不相关,主题无关,5700000,False
43,新疆维吾尔木卡姆艺术,https://www.tiktok.com/@kingwithqueen12/video/7646789108911623446,7646789108911623446,likely_relevant,low_relevance,不相关,主题无关,1600000,True
43,新疆维吾尔木卡姆艺术,https://www.tiktok.com/@amirmuqam33/video/7268936455529991426,7268936455529991426,likely_relevant,low_relevance,不相关,主题无关,1300000,True
43,新疆维吾尔木卡姆艺术,https://www.tiktok.com/@yahyeai/video/7142841163270196485,7142841163270196485,low_relevance,low_relevance,不相关,主题无关,14500000,False
43,新疆维吾尔木卡姆艺术,https://www.tiktok.com/@gulomjon00771/video/7596650322190142742,7596650322190142742,low_relevance,low_relevance,不相关,主题无关,4600000,False
43,新疆维吾尔木卡姆艺术,https://www.tiktok.com/@annabewla/video/6874186416834776322,6874186416834776322,low_relevance,low_relevance,不相关,主题无关,4600000,False
43,新疆维吾尔木卡姆艺术,https://www.tiktok.com/@a.great.soul/video/7423800260667002130,7423800260667002130,needs_review,low_relevance,不相关,主题无关,1300000,True
43,新疆维吾尔木卡姆艺术,https://www.tiktok.com/@joeyyyds666/video/7539622309439589654,7539622309439589654,needs_review,low_relevance,不相关,主题无关,1000000,True
43,新疆维吾尔木卡姆艺术,https://www.tiktok.com/@uyghuryouth/video/7326146340507995424,7326146340507995424,low_relevance,low_relevance,不相关,主题无关,7600000,False
44,蒙古族长调民歌,https://www.tiktok.com/@jesse_4_3_2_1/video/7241698973608611098,7241698973608611098,likely_relevant,low_relevance,不相关,主题无关,957900,True
44,蒙古族长调民歌,https://www.tiktok.com/@radlizardglizard/video/7641278900173114637,7641278900173114637,likely_relevant,low_relevance,不相关,主题无关,1500000,True
44,蒙古族长调民歌,https://www.tiktok.com/@itsdxnmusic/video/7493231739372866823,7493231739372866823,low_relevance,low_relevance,不相关,主题无关,40500000,False
44,蒙古族长调民歌,https://www.tiktok.com/@__altka1__/video/7575111259524189447,7575111259524189447,likely_relevant,low_relevance,不相关,主题无关,585800,True
44,蒙古族长调民歌,https://www.tiktok.com/@snowravenofficial/video/7598671373187206414,7598671373187206414,low_relevance,low_relevance,不相关,主题无关,39100000,False
44,蒙古族长调民歌,https://www.tiktok.com/@ummetozcantiktok/video/7128388348825177350,7128388348825177350,low_relevance,likely_relevant,相关,,32500000,True
44,蒙古族长调民歌,https://www.tiktok.com/@erklen/video/7522002205973548302,7522002205973548302,low_relevance,likely_relevant,相关,,36000000,True
44,蒙古族长调民歌,https://www.tiktok.com/@clou11103/video/7575850528962350358,7575850528962350358,needs_review,low_relevance,不相关,主题无关,4300000,True
44,蒙古族长调民歌,https://www.tiktok.com/@snowravenofficial/video/7598671373187206414,7598671373187206414,low_relevance,low_relevance,不相关,主题无关,39100000,False
44,蒙古族长调民歌,https://www.tiktok.com/@fuanvos/video/7647894451268029717,7647894451268029717,needs_review,low_relevance,不相关,主题无关,897700,True
44,蒙古族长调民歌,https://www.tiktok.com/@erklen/video/7544518597226401037,7544518597226401037,low_relevance,likely_relevant,相关,,81000000,True
44,蒙古族长调民歌,https://www.tiktok.com/@__altka1__/video/7575111259524189447,7575111259524189447,likely_relevant,low_relevance,不相关,主题无关,585800,True
44,蒙古族长调民歌,https://www.tiktok.com/@nostalgicobrilhante/video/7633468043795959061,7633468043795959061,low_relevance,low_relevance,不相关,主题无关,22400000,False
