project_id,project_name,project_name_en,list_type,category,label_likely_relevant_rows,label_needs_review_rows,label_low_relevance_rows,auto_label_likely_relevant_rows,auto_label_needs_review_rows,auto_label_low_relevance_rows,manual_reviewed_rows,manual_related_rows,manual_uncertain_rows,manual_unrelated_rows,manual_changed_rows,raw_unique_videos,raw_total_play,raw_median_play,raw_mean_play,raw_p75_play,raw_p90_play,raw_p95_play,raw_p99_play,raw_max_play,raw_videos_ge_1k,raw_videos_ge_10k,raw_videos_ge_100k,raw_videos_ge_1m,raw_zero_play_videos,raw_total_digg,raw_total_comment,raw_total_share,raw_max_digg,raw_max_comment,raw_max_share,raw_top_video_id,raw_top_video_url,raw_top_video_desc,likely_unique_videos,likely_total_play,likely_median_play,likely_mean_play,likely_p75_play,likely_p90_play,likely_p95_play,likely_p99_play,likely_max_play,likely_videos_ge_1k,likely_videos_ge_10k,likely_videos_ge_100k,likely_videos_ge_1m,likely_zero_play_videos,likely_total_digg,likely_total_comment,likely_total_share,likely_max_digg,likely_max_comment,likely_max_share,likely_top_video_id,likely_top_video_url,likely_top_video_desc,inclusive_unique_videos,inclusive_total_play,inclusive_median_play,inclusive_mean_play,inclusive_p75_play,inclusive_p90_play,inclusive_p95_play,inclusive_p99_play,inclusive_max_play,inclusive_videos_ge_1k,inclusive_videos_ge_10k,inclusive_videos_ge_100k,inclusive_videos_ge_1m,inclusive_zero_play_videos,inclusive_total_digg,inclusive_total_comment,inclusive_total_share,inclusive_max_digg,inclusive_max_comment,inclusive_max_share,inclusive_top_video_id,inclusive_top_video_url,inclusive_top_video_desc,low_unique_videos,low_total_play,low_median_play,low_mean_play,low_p75_play,low_p90_play,low_p95_play,low_p99_play,low_max_play,low_videos_ge_1k,low_videos_ge_10k,low_videos_ge_100k,low_videos_ge_1m,low_zero_play_videos,low_total_digg,low_total_comment,low_total_share,low_max_digg,low_max_comment,low_max_share,low_top_video_id,low_top_video_url,low_top_video_desc,likely_video_ratio,inclusive_video_ratio,low_relevance_video_ratio,likely_play_ratio,inclusive_play_ratio,low_relevance_play_ratio,reach_noise_risk,raw_reach_tier,raw_reach_score,likely_reach_tier,likely_reach_score,inclusive_reach_tier,inclusive_reach_score,reach_tier_changed_after_relevance_filter,raw_to_likely_tier_delta
1,春节,"Spring Festival, social practices of the Chinese people in celebration of traditional new year",RL,节庆民俗,1032,156,343,1032,156,343,2,0,0,2,0,1343,1785863950,138900,1329757,714700,2700000,6490000,21086000,71900000,1173,998,726,273,2,160690720,1303569,17899626,7700000,135700,3500000,7614151831207398670,https://www.tiktok.com/@cnn/video/7614151831207398670,"President Donald Trump hosted the 2025 MLS Cup Champions Inter Miami on Thursday, marking Lionel Messi's first visit to the White House.",900,1190216794,198700,1322463,850475,3010000,6915000,20117000,37300000,813,713,543,205,1,114703206,814930,8946024,3600000,39300,455700,7608687823369047310,https://www.tiktok.com/@mcplaygt/video/7608687823369047310,So anyone else got this much or less? 😭 #mcplaygt #fyp #skit #lunarnewyear #comedy ,1015,1275828452,175300,1256974,803500,2860000,6500000,18102000,37300000,907,786,592,222,1,120592336,868651,9560837,3600000,39300,455700,7608687823369047310,https://www.tiktok.com/@mcplaygt/video/7608687823369047310,So anyone else got this much or less? 😭 #mcplaygt #fyp #skit #lunarnewyear #comedy ,328,510035498,44900,1554986,367225,2100000,5005000,48727000,71900000,266,212,134,51,1,40098384,434918,8338789,7700000,135700,3500000,7614151831207398670,https://www.tiktok.com/@cnn/video/7614151831207398670,"President Donald Trump hosted the 2025 MLS Cup Champions Inter Miami on Thursday, marking Lionel Messi's first visit to the White House.",0.6701,0.7558,0.2442,0.6665,0.7144,0.2856,medium,top_20pct_reach,7.479932,top_20pct_reach,7.358298,top_20pct_reach,7.363194,False,0
2,中国传统制茶技艺及其相关习俗,Traditional tea processing techniques and associated social practices in China,RL,手工艺/民俗,640,282,673,640,282,673,1,0,0,1,0,1206,587708589,19550,487321,207325,986800,2300000,8380000,32800000,946,680,419,120,2,34954999,285437,3974789,2200000,26700,869000,7566599130772983054,https://www.tiktok.com/@tk25145156z/video/7566599130772983054,一老一少在泡茶，怎么样香不#传统文化 #召唤茶友 #茶文化茶生活以茶會友 ,473,143086500,7499,302508,124000,808560,1700000,3840000,14500000,351,225,123,40,0,10232518,67093,525706,973400,3465,101000,7569553905730768142,https://www.tiktok.com/@tk25145156z/video/7569553905730768142,中国茶道知多少？让南方小牛牛给你们展示下吧#召唤茶友 #传统文化 #中国功夫茶 #茶文化茶生活以茶會友 ,645,242434553,11700,375868,145400,785960,1800000,5672000,24300000,491,333,190,54,0,17711572,104824,1645843,1600000,5055,869000,7635616535716859157,https://www.tiktok.com/@china.tea86/video/7635616535716859157,注意，我要发射了！你今天喝茶了吗？#茶叶 #茶玩 #茶叶文化 #喝茶 #今天你喝茶了吗 ,564,348247136,39250,617459,313725,1340000,2900000,10422000,32800000,458,350,232,67,2,17691741,182506,2360175,2200000,26700,305400,7566599130772983054,https://www.tiktok.com/@tk25145156z/video/7566599130772983054,一老一少在泡茶，怎么样香不#传统文化 #召唤茶友 #茶文化茶生活以茶會友 ,0.3922,0.5348,0.4677,0.2435,0.4125,0.5926,high,middle_40_70pct_reach,7.061311,high_20_40pct_reach,6.676733,high_20_40pct_reach,6.829178,True,1
3,太极拳,Taijiquan,RL,传统体育/养生,427,109,80,427,110,79,1,0,0,1,1,525,346462690,50800,659929,397900,1500000,2380000,8976000,39800000,463,341,227,75,0,18789132,268638,1656600,3000000,31600,317800,7647935446462254367,https://www.tiktok.com/@yukungfu.com/video/7647935446462254367,"Kung fu shapes body, discipline shapes soul. #Training #kungfu ",377,248769168,85700,659865,516800,1500000,2420000,8924000,33400000,340,262,183,61,0,11497577,165087,878065,1200000,9825,78400,7555853013085130002,https://www.tiktok.com/@tairi46/video/7555853013085130002,姫にダンスを操られる俺たち🎽@TAICHI（筋達磨）💪👹 @中島 結音（ゆのん） ,451,265380166,51800,588426,429250,1500000,2150000,8100000,33400000,405,299,198,65,0,13125924,185717,1029081,1200000,11000,98100,7555853013085130002,https://www.tiktok.com/@tairi46/video/7555853013085130002,姫にダンスを操られる俺たち🎽@TAICHI（筋達磨）💪👹 @中島 結音（ゆのん） ,74,81082524,42150,1095710,340200,1870000,4135000,18630000,39800000,58,42,29,10,0,5663208,82921,627519,3000000,31600,317800,7647935446462254367,https://www.tiktok.com/@yukungfu.com/video/7647935446462254367,"Kung fu shapes body, discipline shapes soul. #Training #kungfu ",0.7181,0.859,0.141,0.718,0.766,0.234,low,middle_40_70pct_reach,6.976452,top_20pct_reach,6.904095,high_20_40pct_reach,6.899342,True,2
4,送王船,"Ong Chun/Wangchuan/Wangkang ceremony, rituals and related practices for maintaining the sustainable connection between man and the ocean",RL,民俗仪式,145,146,605,148,148,600,10,0,0,10,5,874,324028879,16400,370742,134675,600300,1800000,6781000,20300000,640,481,248,63,93,17999849,177468,1016549,1800000,10500,104700,7617709236507675924,https://www.tiktok.com/@khat_019/video/7617709236507675924,คลิปนี้มีมวย5555🤔😂 #ฟีดดดシ #เทรนด์วันนี้  #อย่าปิดการมองเห็น  #รําวงเพชรบุรี  #มือคีย์บอดที่ชื่อสุดเขตอะ ,142,20773209,3040,146290,22850,120050,309100,3295000,5700000,87,58,16,6,0,941620,15879,81301,309400,4496,25900,7279994056485145863,https://www.tiktok.com/@longchunchun/video/7279994056485145863,Thích cái cách mà cô ấy phá tài sản để mè nheo những tài sản mới 😂 #longchun #tunpham,284,27512122,759,96874,20750,111800,315720,2170000,5700000,132,92,31,7,92,1059368,21223,94337,309400,4496,25900,7279994056485145863,https://www.tiktok.com/@longchunchun/video/7279994056485145863,Thích cái cách mà cô ấy phá tài sản để mè nheo những tài sản mới 😂 #longchun #tunpham,590,296516757,40650,502571,219900,926760,2355000,8388000,20300000,508,389,217,56,1,16940481,156245,922212,1800000,10500,104700,7617709236507675924,https://www.tiktok.com/@khat_019/video/7617709236507675924,คลิปนี้มีมวย5555🤔😂 #ฟีดดดシ #เทรนด์วันนี้  #อย่าปิดการมองเห็น  #รําวงเพชรบุรี  #มือคีย์บอดที่ชื่อสุดเขตอะ ,0.1625,0.3249,0.6751,0.0641,0.0849,0.9151,high,bottom_10pct_reach,6.869169,middle_40_70pct_reach,5.956881,lower_70_90pct_reach,6.03028,True,2
5,藏医药浴法,"Lum medicinal bathing of Sowa Rigpa, knowledge and practices concerning life, health and illness prevention and treatment among the Xizang people in China",RL,传统医药,126,43,588,128,45,584,11,1,0,10,4,746,306313629,22800,410608,164375,841400,1800000,6195000,38400000,557,417,241,66,1,21538478,248105,2217911,1700000,21600,362200,7058758162630872322,https://www.tiktok.com/@69scorpionqueen/video/7058758162630872322,#сафарова #питер,121,1011447,733,8359,3146,16000,44700,114060,282900,45,13,2,0,0,29044,755,2486,9136,74,355,7126331545304059137,https://www.tiktok.com/@cleo_abrahams/video/7126331545304059137,This ancient tibetan medicine massage helped me with my insomnia 💆‍♀️ #asmr #massage #tibetanmassage #headmassage #insomnia,163,3875145,939,23774,8644,55380,158100,337658,517700,78,38,11,0,0,130563,5172,11637,37300,986,1909,7578691302678596882,https://www.tiktok.com/@maimaii02112005/video/7578691302678596882,发明李健唱探故知的真是个天才！#探故知 #音乐分享 #chinamusic #418937181nt ,583,302438484,47100,518762,262400,1200000,2200000,7352000,38400000,479,379,230,66,1,21407915,242933,2206274,1700000,21600,362200,7058758162630872322,https://www.tiktok.com/@69scorpionqueen/video/7058758162630872322,#сафарова #питер,0.1622,0.2185,0.7815,0.0033,0.0127,0.9873,high,lower_70_90pct_reach,6.914751,bottom_10pct_reach,4.86738,bottom_10pct_reach,5.376262,True,-1
6,二十四节气,"The Twenty-Four Solar Terms, knowledge in China of time and practices developed through observation of the sun's annual motion",RL,传统知识/民俗,200,60,623,203,63,617,11,0,0,11,6,849,348781807,16900,410815,154800,713200,2060000,5708000,38700000,634,468,247,68,1,18770913,252699,1343578,3100000,26400,164300,7629582028886789406,https://www.tiktok.com/@l0nelysoul0/video/7629582028886789406,... #real #atmosphere #apathy #nature #vibes ,188,22500849,1181,119685,25000,303600,730350,2026000,2300000,96,55,31,7,0,700062,35586,23880,272100,23000,2907,7615588769760038165,https://www.tiktok.com/@zeianz/video/7615588769760038165,Year of the Goat/Sheep !!  🐐 🐑 #chinesecalendar #chinesezodiac #trending #fypp #xybzca ib : @Loveclouds,242,33048595,1934,136564,51025,360570,717090,2118000,3100000,137,90,48,9,0,1261655,44258,54223,272100,23000,7929,7595094691780005128,https://www.tiktok.com/@angelinazhq/video/7595094691780005128,traditional Chinese x rnb music >>> #烟花易冷 #singing #cover #jaychou ,607,315733212,27900,520154,178500,919180,2440000,6752000,38700000,497,378,199,59,1,17509258,208441,1289355,3100000,26400,164300,7629582028886789406,https://www.tiktok.com/@l0nelysoul0/video/7629582028886789406,... #real #atmosphere #apathy #nature #vibes ,0.2214,0.285,0.715,0.0645,0.0948,0.9052,high,lower_70_90pct_reach,6.956735,middle_40_70pct_reach,6.048366,lower_70_90pct_reach,6.148447,True,1
7,中国珠算,"Chinese Zhusuan, knowledge and practices of mathematical calculation through the abacus",RL,传统知识,216,43,386,220,45,380,9,0,0,9,6,618,507482849,28100,821170,299200,1530000,3415000,19511000,51000000,480,371,222,84,2,25139881,251847,1620110,1700000,25800,185500,7526849661034876165,https://www.tiktok.com/@dy991891/video/7526849661034876165,Generasi emas sesungguhnya dari sebuah bangsa🤴🏻 #sempoamental #abacus #matematika #genalpha ,214,169744719,80300,793200,730850,2340000,4305000,8279000,12800000,178,148,101,46,0,9927788,78809,447088,1100000,8473,45900,7482392760788602167,https://www.tiktok.com/@sabrinakanashiro/video/7482392760788602167,Multiplicação no Soroban ✖️🧮 #soroban #abaco #matematica #math #mathematics #calculomental #abacus #fyp #garotasapoiamgarotas #viral_video #viralvideos ,247,175116582,66600,708974,613700,1700000,3470000,7718000,12800000,202,166,110,47,0,10131690,83154,465176,1100000,8473,45900,7482392760788602167,https://www.tiktok.com/@sabrinakanashiro/video/7482392760788602167,Multiplicação no Soroban ✖️🧮 #soroban #abaco #matematica #math #mathematics #calculomental #abacus #fyp #garotasapoiamgarotas #viral_video #viralvideos ,371,332366267,18500,895866,176850,948900,3300000,22460000,51000000,278,205,112,37,2,15008191,168693,1154934,1700000,25800,185500,7526849661034876165,https://www.tiktok.com/@dy991891/video/7526849661034876165,Generasi emas sesungguhnya dari sebuah bangsa🤴🏻 #sempoamental #abacus #matematika #genalpha ,0.3463,0.3997,0.6003,0.3345,0.3451,0.6549,high,middle_40_70pct_reach,7.109929,high_20_40pct_reach,6.824621,high_20_40pct_reach,6.800254,True,1
8,福建木偶戏,Strategy for training coming generations of Fujian puppetry practitioners,GSP,保护实践(木偶戏),66,80,758,66,85,753,13,3,0,10,7,865,623321342,39800,720603,269900,1200000,2980000,10616000,62900000,703,552,339,97,1,47041781,323317,4819378,11000000,48500,1700000,7646044803981004050,https://www.tiktok.com/@yigerenyetinghaode/video/7646044803981004050,论戏精小猫如何出片 #街头摄影 #这个世界不能没有小猫 #领先烘焙猫粮 #领先猫粮 #领先羊奶鸡,59,589865,736,9998,1399,4868,25960,197902,425900,18,5,1,0,0,5744,72,261,1691,10,53,7614505628744043832,https://www.tiktok.com/@goodlivinginchina/video/7614505628744043832,🖐️Discover #Fujian's intangible cultural heritage: the #Budaixi glove puppet show! A master with 20 years of performing experience shows his amazing finger skills. Melinda and Arun tried it and had lots of fun! It truly ,122,28581463,2397,234274,130950,622310,1295000,3079000,3400000,71,47,32,8,0,2106217,16814,60356,333500,4280,11100,7620560599629532437,https://www.tiktok.com/@diana_atarnya_wr/video/7620560599629532437,[THAISUB/PINYIN+คำอ่าน] ไม่มีวันหวนคืน X ความทรงจำเก้าสกุล 莫问归期 X 辞九门回忆 Remix Version ประกาศแจ้งให้ทราบ ณ ที่นี่ ใครที่จะนำคลิปวิดีโอ คำแปล คำอ่านไทย ของช่องนี้ไป ต้องมีการขออนุญาตก่อน หรือถ้าไม่สะดวกจะมาขออนุญาตก่อน ก็ข,743,594739879,52000,800457,290100,1300000,3270000,11174000,62900000,632,505,307,89,1,44935564,306503,4759022,11000000,48500,1700000,7646044803981004050,https://www.tiktok.com/@yigerenyetinghaode/video/7646044803981004050,论戏精小猫如何出片 #街头摄影 #这个世界不能没有小猫 #领先烘焙猫粮 #领先猫粮 #领先羊奶鸡,0.0682,0.141,0.859,0.0009,0.0459,0.9541,high,middle_40_70pct_reach,7.157003,bottom_10pct_reach,4.720741,middle_40_70pct_reach,6.207071,True,-2
9,赫哲族伊玛堪,Hezhe Yimakan storytelling,USL,口头传统/史诗,60,38,561,63,40,556,10,0,0,10,5,656,317137967,44700,483442,259250,843550,1850000,8890000,22000000,547,425,256,60,0,21659356,259376,3088447,2200000,34300,1200000,7166206744530570497,https://www.tiktok.com/@mayilong0/video/7166206744530570497,"#ftx #dogecoin #elonmusk #tesla Really want to slap you both in the face.  So many people put their trust in you, only to let them down.",59,8230401,54700,139498,159950,438500,627450,707318,749600,45,34,21,0,0,916835,5389,42627,136000,1000,9749,7568091124795985160,https://www.tiktok.com/@zhezhehe/video/7568091124795985160,With @cigwpols  #xuhuong #viral #theapothecarydiaries ,96,10758489,33700,112068,137150,377200,586525,680345,749600,76,56,30,0,0,1028603,7433,48243,136000,1000,9749,7568091124795985160,https://www.tiktok.com/@zhezhehe/video/7568091124795985160,With @cigwpols  #xuhuong #viral #theapothecarydiaries ,560,306379478,46750,547106,296500,1000000,2405000,9451000,22000000,471,369,226,60,0,20630753,251943,3040204,2200000,34300,1200000,7166206744530570497,https://www.tiktok.com/@mayilong0/video/7166206744530570497,"#ftx #dogecoin #elonmusk #tesla Really want to slap you both in the face.  So many people put their trust in you, only to let them down.",0.0899,0.1463,0.8537,0.026,0.0339,0.9661,high,bottom_10pct_reach,6.878425,lower_70_90pct_reach,5.758759,lower_70_90pct_reach,5.804116,True,1
10,中国皮影戏,Chinese shadow puppetry,RL,表演艺术,192,104,516,191,107,514,14,6,0,8,3,728,814114302,31650,1118289,339000,2100000,4365000,24296000,62900000,574,452,289,109,0,45821026,402537,5084294,11000000,66700,1700000,7646044803981004050,https://www.tiktok.com/@yigerenyetinghaode/video/7646044803981004050,论戏精小猫如何出片 #街头摄影 #这个世界不能没有小猫 #领先烘焙猫粮 #领先猫粮 #领先羊奶鸡,163,13264017,1083,81374,16300,83180,257620,1794000,3300000,84,45,15,3,0,390279,5539,17899,84500,1187,5280,7017719800428285185,https://www.tiktok.com/@pandatalk_/video/7017719800428285185,An art of using shadows-Chinese shadow puppetry!#china #foryou #fyp #tiktok #shadow,239,38508469,2664,161123,37350,322780,890900,2724000,5700000,145,92,42,10,0,1934871,19143,161523,362700,1712,49300,7289237537472793857,https://www.tiktok.com/@wwi722111922/video/7289237537472793857,苗族传统工艺《蜡染》,489,775605833,101800,1586106,625700,3000000,7160000,29400000,62900000,429,360,247,99,0,43886155,383394,4922771,11000000,66700,1700000,7646044803981004050,https://www.tiktok.com/@yigerenyetinghaode/video/7646044803981004050,论戏精小猫如何出片 #街头摄影 #这个世界不能没有小猫 #领先烘焙猫粮 #领先猫粮 #领先羊奶鸡,0.2239,0.3283,0.6717,0.0163,0.0473,0.9527,high,high_20_40pct_reach,7.248704,lower_70_90pct_reach,5.810895,middle_40_70pct_reach,6.251907,True,-2
11,麦西热甫,Meshrep,USL,表演艺术/民俗,91,34,417,96,36,410,10,0,0,10,7,542,410304017,30000,757018,217600,979570,2395000,11821000,66700000,454,345,196,53,0,36208335,398866,5831077,5900000,39400,3200000,7515401417339702550,https://www.tiktok.com/@yuji_beleza/video/7515401417339702550,Uyghur language ❤️ . #uyghur #turkish #uzbek #uzbekistan #japanese #azerban #vienna #turkic ,91,61411002,224600,674846,953850,2100000,2700000,3570000,4200000,88,75,62,21,0,4826212,113915,333451,824500,32700,75900,7293368479342726408,https://www.tiktok.com/@vincentmklee/video/7293368479342726408,This girl is from Xinjiang and she is a Uyghur. Wanna visit Xinjiang? 😉 #xinjiang #xinjiangchina #xinjianguyghurs🇨🇳 #uyghur #uyghurs #uyghurpeople #uyghurgirl #china ,125,62668144,122000,501345,650700,1580000,2400000,3428000,4200000,109,91,66,21,0,4859729,117187,336774,824500,32700,75900,7293368479342726408,https://www.tiktok.com/@vincentmklee/video/7293368479342726408,This girl is from Xinjiang and she is a Uyghur. Wanna visit Xinjiang? 😉 #xinjiang #xinjiangchina #xinjianguyghurs🇨🇳 #uyghur #uyghurs #uyghurpeople #uyghurgirl #china ,417,347635873,20200,833659,155000,606900,2300000,18984000,66700000,345,254,130,32,0,31348606,281679,5494303,5900000,39400,3200000,7515401417339702550,https://www.tiktok.com/@yuji_beleza/video/7515401417339702550,Uyghur language ❤️ . #uyghur #turkish #uzbek #uzbekistan #japanese #azerban #vienna #turkic ,0.1679,0.2306,0.7694,0.1497,0.1527,0.8473,high,middle_40_70pct_reach,7.041616,middle_40_70pct_reach,6.481447,middle_40_70pct_reach,6.469298,False,0
12,中国水密隔舱福船制造技艺,Watertight-bulkhead technology of Chinese junks,USL,传统手工艺,239,33,440,243,35,434,9,0,0,9,6,712,758064231,18450,1064697,228600,1300000,3300000,20451000,88500000,521,387,234,88,33,73006623,1141104,4514123,14900000,322400,1200000,7620981615036255509,https://www.tiktok.com/@jungkook/video/7620981615036255509,#BTS #JungKook #JK #V #SWIM @Kimtaehyung ,239,184008225,22700,769909,419300,1720000,4060000,12650000,15200000,177,134,88,38,0,9961941,68679,711941,652200,6056,158200,7493221326799293738,https://www.tiktok.com/@jeweled.by.jolly/video/7493221326799293738,Brown Junk Case  🤎 #fyp #viral #trendyphonecase #phonecase #coolphonecases #girlyaesthetic #browns #junkcase #earthyaesthetic #earthtone ,272,186271143,22550,684820,283175,1580000,3625000,11825000,15200000,202,153,95,38,1,10074554,71087,716881,652200,6056,158200,7493221326799293738,https://www.tiktok.com/@jeweled.by.jolly/video/7493221326799293738,Brown Junk Case  🤎 #fyp #viral #trendyphonecase #phonecase #coolphonecases #girlyaesthetic #browns #junkcase #earthyaesthetic #earthtone ,440,571793088,14550,1299530,176075,1210000,3300000,36287000,88500000,319,234,139,50,32,62932069,1070017,3797242,14900000,322400,1200000,7620981615036255509,https://www.tiktok.com/@jungkook/video/7620981615036255509,#BTS #JungKook #JK #V #SWIM @Kimtaehyung ,0.3357,0.382,0.618,0.2427,0.2457,0.7543,high,high_20_40pct_reach,7.215872,high_20_40pct_reach,6.836985,high_20_40pct_reach,6.824905,False,0
13,中国木活字印刷术,Wooden movable-type printing of China,USL,传统手工艺,70,99,694,68,102,693,14,7,1,6,4,824,975576060,58050,1183952,381575,1970000,4470000,17339000,90100000,713,563,345,127,0,40666737,490460,3680290,3100000,44800,656300,7632096837394058516,https://www.tiktok.com/@engineezy/video/7632096837394058516,This machine can draw any shape ••• Every mechanism I've built so far can only draw one shape. So I built one that can draw all of them using a custom app I coded with @ChatGPT to create the cam profiles. Then I pushed i,66,140944338,9105,2135520,79850,2300000,12275000,37950000,47700000,45,32,15,8,0,5186116,40970,123970,3100000,28400,74300,7404039857405742344,https://www.tiktok.com/@xiedapao88/video/7404039857405742344,中国四大发明之一：活字印刷术。一起来感受中国传统文化的魅力！One of the four great inventions of China: movable type printing. Let's feel the charm of traditional Chinese culture!#活字印刷术 #中国传统文化 #中国非物质文化遗产 #传统文化 #中国传统文化 #传统手艺 #传统手工艺 #中国非物质 #传统艺人#传统手工艺人,161,179942620,19000,1117656,162300,1500000,3800000,27720000,47700000,118,87,51,19,0,7444735,74195,443885,3100000,28400,118400,7404039857405742344,https://www.tiktok.com/@xiedapao88/video/7404039857405742344,中国四大发明之一：活字印刷术。一起来感受中国传统文化的魅力！One of the four great inventions of China: movable type printing. Let's feel the charm of traditional Chinese culture!#活字印刷术 #中国传统文化 #中国非物质文化遗产 #传统文化 #中国传统文化 #传统手艺 #传统手工艺 #中国非物质 #传统艺人#传统手工艺人,663,795633440,68100,1200050,447200,2000000,4860000,16366000,90100000,595,476,294,108,0,33222002,416265,3236405,2600000,44800,656300,7632096837394058516,https://www.tiktok.com/@engineezy/video/7632096837394058516,This machine can draw any shape ••• Every mechanism I've built so far can only draw one shape. So I built one that can draw all of them using a custom app I coded with @ChatGPT to create the cam profiles. Then I pushed i,0.0801,0.1954,0.8046,0.1445,0.1844,0.8156,high,high_20_40pct_reach,7.318702,top_20pct_reach,6.98944,high_20_40pct_reach,6.899525,True,1
14,京剧,Peking opera,RL,表演艺术(戏曲),491,146,104,496,149,96,19,4,2,13,12,552,577344963,82650,1045915,521950,2190000,4245000,18288000,57700000,494,396,262,93,1,43818323,479370,3761969,5700000,85700,679400,7205388003118697770,https://www.tiktok.com/@musicwang136/video/7205388003118697770,#chinese #京剧 #foryou ,364,344408249,62700,946177,352275,1800000,3570000,17385000,57700000,324,258,158,53,0,24649470,240053,1359612,5700000,85700,603900,7205388003118697770,https://www.tiktok.com/@musicwang136/video/7205388003118697770,#chinese #京剧 #foryou ,460,387967978,58500,843409,325000,1700000,3020000,13365000,57700000,406,319,196,65,1,29595263,286054,1736359,5700000,85700,603900,7205388003118697770,https://www.tiktok.com/@musicwang136/video/7205388003118697770,#chinese #京剧 #foryou ,92,189376985,475200,2058445,1525000,5380000,10400000,22589000,24500000,88,77,66,28,0,14223060,193316,2025610,2300000,65700,679400,7637255776473517319,https://www.tiktok.com/@brian.liu1/video/7637255776473517319,看看【蒲公英的作品】真正的绝活# 戏曲舞台技术技巧 # 台上一分鐘台下#網絡搬運 ,0.6594,0.8333,0.1667,0.5965,0.672,0.328,medium,high_20_40pct_reach,7.18049,top_20pct_reach,7.053785,top_20pct_reach,7.055763,True,1
15,中医针灸,Acupuncture and moxibustion of traditional Chinese medicine,RL,传统医药,381,36,112,384,36,109,8,1,2,5,5,494,711227523,62400,1439732,685400,2700000,5470000,21810000,145100000,426,330,229,101,0,40241845,287591,6029577,5400000,77600,2000000,7520493733565992206,https://www.tiktok.com/@thecupdoc/video/7520493733565992206,Wet cupping promotes tissue recovery by decompressing tight areas and drawing out trapped waste from under the skin. Studies have shown that cupping: •	Improves microcirculation and local blood flow •	Reduces inflammatio,365,245199475,31200,671779,413900,1760000,3700000,9604000,15800000,309,227,145,59,0,14546651,119219,1320098,2200000,25500,144400,7416634811328007456,https://www.tiktok.com/@geotherapy/video/7416634811328007456,His knots were so big i has to needle them out! #massage #physio #dryneedling #acupuncture #traps,387,302716261,32300,782213,403300,1840000,3900000,11450000,31000000,328,244,157,64,0,21035793,139055,3194852,5400000,25500,1800000,7480357482418687254,https://www.tiktok.com/@helpfulthought/video/7480357482418687254,,107,408511262,357700,3817862,1900000,5480000,16780000,34100000,145100000,98,86,72,37,0,19206052,148536,2834725,3900000,77600,2000000,7520493733565992206,https://www.tiktok.com/@thecupdoc/video/7520493733565992206,Wet cupping promotes tissue recovery by decompressing tight areas and drawing out trapped waste from under the skin. Studies have shown that cupping: •	Improves microcirculation and local blood flow •	Reduces inflammatio,0.7389,0.7834,0.2166,0.3448,0.4256,0.5744,high,top_20pct_reach,7.325005,top_20pct_reach,6.891369,top_20pct_reach,6.993373,False,0
16,黎族传统纺染织绣技艺,"Traditional Li textile techniques: spinning, dyeing, weaving and embroidering",USL,传统手工艺,84,138,800,84,140,798,10,3,0,7,2,971,431336490,18300,444219,137400,682500,1750000,6420000,53800000,733,545,290,76,23,22781098,204783,1314132,2400000,16000,128000,7631450622050454792,https://www.tiktok.com/@huatieutieu/video/7631450622050454792,"Dệt tằm và thêu tranh, Nghề cổ truyền dân gian #huatieutieu #viraltiktok #xuhuong #viral ",82,17747302,813,216431,17800,344070,1261280,4347000,5400000,37,23,15,5,0,438080,1875,7078,139400,760,3229,7409140339413470495,https://www.tiktok.com/@littleturtlelisa/video/7409140339413470495,Li Brocade Show#hainan #littleturtlelisa #tourofhainan #cycling #cycle ,201,39865029,9145,198333,78600,471200,990100,3300000,5400000,137,97,46,10,0,1381953,30770,60295,268300,5058,16000,7409140339413470495,https://www.tiktok.com/@littleturtlelisa/video/7409140339413470495,Li Brocade Show#hainan #littleturtlelisa #tourofhainan #cycling #cycle ,770,391471461,22550,508404,153525,770460,2000000,8292000,53800000,596,448,244,66,23,21399145,174013,1253837,2400000,16000,128000,7631450622050454792,https://www.tiktok.com/@huatieutieu/video/7631450622050454792,"Dệt tằm và thêu tranh, Nghề cổ truyền dân gian #huatieutieu #viraltiktok #xuhuong #viral ",0.0844,0.207,0.793,0.0411,0.0924,0.9076,high,middle_40_70pct_reach,6.999795,middle_40_70pct_reach,6.139371,middle_40_70pct_reach,6.272384,False,0
17,中国木拱桥传统营造技艺,Traditional design and practices for building Chinese wooden arch bridges,USL,传统手工艺/建筑,190,26,448,193,27,444,10,0,1,9,6,655,159734941,4529,243870,58350,424640,949690,3784000,26300000,445,268,132,31,27,11817946,93781,494398,2500000,8670,35100,7642174414309575957,https://www.tiktok.com/@indra.dahal24/video/7642174414309575957,"mini  bridge construction using by mini bricks,cement and wood##miniature #smallcreator #highbridge #construction",188,4076393,1648,21683,8764,58800,142910,312463,395600,107,45,14,0,2,159529,5812,16289,21600,759,2921,7595561107331370270,https://www.tiktok.com/@lminghei4/video/7595561107331370270,情，始于廊桥，终于廊桥。爱，融于灵魂，镌刻一生。#此情永不移 #nothingsgonnachangemylove #小提琴 #音乐 #好的音乐总能触动人的心灵 ,212,10572753,1666,49871,9744,60600,141830,361939,6200000,120,53,16,1,7,332986,6675,22369,165000,759,5340,7560011907990572301,https://www.tiktok.com/@keekee4352/video/7560011907990572301,The strongest wooden bridge structure,443,149162188,9046,336709,118900,685140,1400000,4290000,26300000,325,215,116,30,20,11484960,87106,472029,2500000,8670,35100,7642174414309575957,https://www.tiktok.com/@indra.dahal24/video/7642174414309575957,"mini  bridge construction using by mini bricks,cement and wood##miniature #smallcreator #highbridge #construction",0.287,0.3237,0.6763,0.0255,0.0662,0.9338,high,bottom_10pct_reach,6.65972,lower_70_90pct_reach,5.35493,lower_70_90pct_reach,5.743109,True,1
18,羌年,Qiang New Year festival,USL,节庆民俗,104,128,427,104,130,425,3,0,0,3,2,645,790005118,83700,1224814,554000,2400000,4380000,26692000,48600000,532,454,307,122,2,64674270,617919,5616398,6000000,50100,663800,7566468066406567181,https://www.tiktok.com/@poopthien/video/7566468066406567181,#asian #viet #08 #baby #babyfever part 146,104,38667397,19900,371802,125425,831350,1585000,6743000,8600000,72,58,28,10,0,1914750,22462,252031,661200,5888,126600,7595297313250135304,https://www.tiktok.com/@qiangchinatravel/video/7595297313250135304,Nhà của Dai Dai đón khách nhiều tới nỗi bố mẹ không muốn ra khỏi phòng nữa vì quá mệt . ăn tết có 2 ngày giờ thành 4 ngày còn chưa hết người #qiangchina #chinatravel #tourchina #daidaitrungquoc #呆呆 ,228,163136309,45000,715510,307300,1500000,2765000,8114000,35700000,179,154,84,29,0,9454878,129648,713611,2900000,46300,169100,7064084394142715163,https://www.tiktok.com/@winmg868/video/7064084394142715163,#去年的烦恼和姑娘#今年的姑娘更漂亮 #热门助手 #tiktok #啊～啊～啊～～,417,626868809,117900,1503283,819500,2600000,4720000,27252000,48600000,353,300,223,93,2,55219392,488271,4902787,6000000,50100,663800,7566468066406567181,https://www.tiktok.com/@poopthien/video/7566468066406567181,#asian #viet #08 #baby #babyfever part 146,0.1612,0.3535,0.6465,0.0489,0.2065,0.7935,high,high_20_40pct_reach,7.224869,middle_40_70pct_reach,6.358721,high_20_40pct_reach,6.832462,True,-1
19,侗族大歌,Grand song of the Dong ethnic group,RL,表演艺术(音乐),63,48,467,66,50,462,10,0,0,10,5,572,303528771,11100,530645,162275,665820,1690000,5287000,97600000,422,290,170,44,2,26342233,273706,4038661,8800000,93900,2800000,7545888844516822294,https://www.tiktok.com/@germangents/video/7545888844516822294,Dame Un Grrr😏💅 #dameungrrr #suits #cringe #acappella #germangents,59,148748,474,2521,1006,6768,15990,26476,31000,15,4,0,0,2,6557,262,272,1800,52,121,7032437244807875846,https://www.tiktok.com/@unknowncultures/video/7032437244807875846,竹竿舞 #苗族 #瑶族 #黎族 #佤族 #侗族 #竹竿舞 #贵州 #少数民族 #民族服饰 #中国 #miaozu #hmong #yaozu #mienh #lizu #wazu #dongzu #china #bamboodance #dongpeople #wapeople #hmongb,107,4169223,847,38965,18350,102620,237130,524800,591600,48,31,12,0,2,184960,6485,16909,36200,1177,3674,7526215089368599826,https://www.tiktok.com/@lil.ice822/video/7526215089368599826,#新说唱2025 #TherapofChina2025 两大冠军候选人合作舞台  全场最佳#中文说唱 #hiphop #说唱歌手 ,465,299359548,21300,643784,212500,914360,2300000,5968000,97600000,374,259,158,44,0,26157273,267221,4021752,8800000,93900,2800000,7545888844516822294,https://www.tiktok.com/@germangents/video/7545888844516822294,Dame Un Grrr😏💅 #dameungrrr #suits #cringe #acappella #germangents,0.1031,0.1871,0.8129,0.0005,0.0137,0.9863,high,lower_70_90pct_reach,6.96972,bottom_10pct_reach,4.179991,bottom_10pct_reach,5.464065,True,-1
20,西安鼓乐,Xi'an wind and percussion ensemble,RL,表演艺术(音乐),55,78,601,58,80,596,10,0,0,10,5,725,1235847410,45300,1704617,829400,4360000,8480000,27436000,67200000,568,457,319,167,10,124707691,887475,6742101,4900000,48400,317900,7397040267813080336,https://www.tiktok.com/@thedrumpath/video/7397040267813080336,Beggin’ - Måneskin #tiktok #tiktokviral #viral #tiktokviralvideo #viraltiktok #drums #drummer #drumcover #music #songs ,52,10852555,27050,208703,76275,422190,1290000,2535000,3300000,41,33,11,4,0,365057,3647,18172,110600,792,4659,7343513140216237313,https://www.tiktok.com/@joejun0/video/7343513140216237313,"🇲🇾 2024 新山福州十邑会馆舞龍队 鼓乐篇 可爱的是那个女孩 打一下拔头发飞一下🤣🤣🤣凉爽 哈哈哈 其实有一幕小姐姐笑起来真好看😍 Drum music The cute thing is that girl. Hit it and pull out her hair and it will fly🤣🤣🤣It’s cool, hahaha In fact, there is a scene where the young lady ",129,20293121,22100,157311,118400,432500,698380,1688000,3300000,95,71,34,5,0,1100230,13161,82412,223000,2442,20000,7343513140216237313,https://www.tiktok.com/@joejun0/video/7343513140216237313,"🇲🇾 2024 新山福州十邑会馆舞龍队 鼓乐篇 可爱的是那个女孩 打一下拔头发飞一下🤣🤣🤣凉爽 哈哈哈 其实有一幕小姐姐笑起来真好看😍 Drum music The cute thing is that girl. Hit it and pull out her hair and it will fly🤣🤣🤣It’s cool, hahaha In fact, there is a scene where the young lady ",596,1215554289,67850,2039521,1300000,5400000,10725000,28330000,67200000,473,386,285,162,10,123607461,874314,6659689,4900000,48400,317900,7397040267813080336,https://www.tiktok.com/@thedrumpath/video/7397040267813080336,Beggin’ - Måneskin #tiktok #tiktokviral #viral #tiktokviralvideo #viraltiktok #drums #drummer #drumcover #music #songs ,0.0717,0.1779,0.8221,0.0088,0.0164,0.9836,high,top_20pct_reach,7.423115,middle_40_70pct_reach,6.012764,lower_70_90pct_reach,6.061114,True,-2
21,中国蚕桑丝织技艺,Sericulture and silk craftsmanship of China,RL,传统手工艺,185,197,748,187,197,746,4,0,0,4,2,1045,799875619,9472,765431,126300,840240,2860000,15668000,57100000,736,516,279,90,0,40629666,217719,1700955,3700000,17700,253500,7629739373419957524,https://www.tiktok.com/@art_dailydose/video/7629739373419957524,"Wei Silk Art – Wei Weaving is a Chinese artist who creates intricate sculptures using only wire. In this piece, she shapes and twists fine strands into a detailed tree, building the trunk, branches and flow entirely by h",175,48894741,815,279399,8289,97660,336670,5658000,29300000,72,43,18,3,0,2790942,17855,114366,2200000,13500,85300,7285420837681892639,https://www.tiktok.com/@peter.pan810/video/7285420837681892639,"5000 years ago, the Chinese learned to make quilts from the silk of the silkworm, which are breathable, light, and cozy.#culture #handcraft #handwork #fyp #foryou #ancient #china #chineseculture ",348,205437061,1652,590336,32500,336150,1495000,10996000,57100000,188,122,59,20,0,10022825,49228,349757,2200000,13500,85300,7629739373419957524,https://www.tiktok.com/@art_dailydose/video/7629739373419957524,"Wei Silk Art – Wei Weaving is a Chinese artist who creates intricate sculptures using only wire. In this piece, she shapes and twists fine strands into a detailed tree, building the trunk, branches and flow entirely by h",698,595738558,17650,853494,188400,1000000,3215000,15821000,56600000,549,395,221,71,0,30754841,168634,1351281,3700000,17700,253500,7446553422301629742,https://www.tiktok.com/@lovemysilk/video/7446553422301629742,Swap your milk for Silk Almondmilk® and #FeelPlantyGood,0.1675,0.333,0.6679,0.0611,0.2568,0.7448,high,high_20_40pct_reach,7.171829,middle_40_70pct_reach,6.247013,high_20_40pct_reach,6.799704,True,-1
22,南音,Nanyin,RL,表演艺术(音乐),140,61,604,143,63,599,10,0,0,10,5,773,375385895,23700,485622,166000,899020,2100000,9980000,19300000,617,450,242,68,0,19912134,208983,1101119,1800000,12900,169200,7152877072203975962,https://www.tiktok.com/@fujian1060/video/7152877072203975962,#fujian #meyden #masukberandafyp #fypシ ,129,14314705,5699,110967,62200,448160,698400,1124848,1200000,96,56,24,2,0,721739,17622,36877,96200,9282,10400,7232797979835370794,https://www.tiktok.com/@nanf_music/video/7232797979835370794,#music #fyp #我要上推薦 #音樂 #粉丝 ,187,16145818,5020,86341,56900,220360,672120,969176,1200000,137,80,30,2,0,782194,19150,52259,96200,9282,10800,7232797979835370794,https://www.tiktok.com/@nanf_music/video/7232797979835370794,#music #fyp #我要上推薦 #音樂 #粉丝 ,586,359240077,34750,613038,240900,1250000,3000000,11065000,19300000,480,370,212,66,0,19129940,189833,1048860,1800000,12900,169200,7152877072203975962,https://www.tiktok.com/@fujian1060/video/7152877072203975962,#fujian #meyden #masukberandafyp #fypシ ,0.1669,0.2419,0.7581,0.0381,0.043,0.957,high,lower_70_90pct_reach,6.909516,lower_70_90pct_reach,5.905591,lower_70_90pct_reach,5.9274,False,0
23,南京云锦织造技艺,Craftsmanship of Nanjing Yunjin brocade,RL,传统手工艺,216,89,343,216,89,343,0,0,0,0,0,630,463757624,32200,736123,272625,975520,2855000,10600000,106000000,492,382,225,63,0,50010278,325761,2020174,10400000,81600,479100,7227057440968183042,https://www.tiktok.com/@destinationexplore/video/7227057440968183042,"Wow, so beautiful.❤️✨   📍Nanjing| Nanjing Zhongshan  #naturesms",207,101751989,77100,491556,357950,1100000,2220000,5676000,13000000,173,138,98,26,0,16390314,96237,808178,1400000,26500,97800,7632561832489733384,https://www.tiktok.com/@le_sserafim/video/7632561832489733384,𝒯𝒾𝓂ℯ 𝓉ℴ 𝒸ℯ𝓁ℯ𝒷𝓇𝒶𝓉ℯ #HUHYUNJIN ✮  #CELEBRATION ,290,123755870,38750,426744,308900,950660,1700000,5810000,13000000,234,185,118,28,0,17666521,110605,862321,1400000,26500,97800,7632561832489733384,https://www.tiktok.com/@le_sserafim/video/7632561832489733384,𝒯𝒾𝓂ℯ 𝓉ℴ 𝒸ℯ𝓁ℯ𝒷𝓇𝒶𝓉ℯ #HUHYUNJIN ✮  #CELEBRATION ,340,340001754,23300,1000005,203275,1010000,3110000,12766000,106000000,258,197,107,35,0,32343757,215156,1157853,10400000,81600,479100,7227057440968183042,https://www.tiktok.com/@destinationexplore/video/7227057440968183042,"Wow, so beautiful.❤️✨   📍Nanjing| Nanjing Zhongshan  #naturesms",0.3286,0.4603,0.5397,0.2194,0.2669,0.7331,high,middle_40_70pct_reach,7.133136,high_20_40pct_reach,6.646216,middle_40_70pct_reach,6.643399,True,1
24,宣纸传统制作技艺,Traditional handicrafts of making Xuan paper,RL,传统手工艺,258,159,291,259,161,288,10,3,1,6,9,695,1061958793,88900,1527998,828500,3860000,8110000,26084000,53000000,597,475,340,158,0,78501331,405554,2321956,5100000,24600,99200,7130057943722003758,https://www.tiktok.com/@meet_east/video/7130057943722003758,Ancient papermaking #handwork,251,273472611,44800,1089532,721850,2500000,5250000,11700000,38000000,202,159,110,53,0,17611910,82392,1014586,2900000,13400,99200,7321072687260962091,https://www.tiktok.com/@trendygabriel/video/7321072687260962091,Replying to @ムズキフ he knows how to make that paper💰 #wow #howitsmade ,406,627644895,62000,1545923,1000000,4700000,7825000,19435000,38000000,347,275,193,104,0,53371570,225824,1408666,5100000,19100,99200,7321072687260962091,https://www.tiktok.com/@trendygabriel/video/7321072687260962091,Replying to @ムズキフ he knows how to make that paper💰 #wow #howitsmade ,290,440013898,105350,1517289,637450,3020000,8150000,26242000,53000000,251,201,148,55,0,25170761,180218,914093,4500000,24600,78100,7130057943722003758,https://www.tiktok.com/@meet_east/video/7130057943722003758,Ancient papermaking #handwork,0.3612,0.5842,0.4173,0.2575,0.591,0.4143,medium,top_20pct_reach,7.375426,top_20pct_reach,7.025465,top_20pct_reach,7.236656,False,0
25,粤剧,Yueju opera,RL,表演艺术(戏曲),160,119,291,159,120,291,7,1,1,5,4,457,295526017,27000,646665,237100,1100000,2800000,9280000,57700000,366,274,156,53,0,24242385,236165,1835259,5700000,85700,603900,7205388003118697770,https://www.tiktok.com/@musicwang136/video/7205388003118697770,#chinese #京剧 #foryou ,114,40755989,2348,357509,32150,155790,811800,4706000,27700000,67,39,15,3,0,2369791,22180,84666,1600000,14300,19000,7159021562836913454,https://www.tiktok.com/@maisieding6688/video/7159021562836913454,Emergency change makeup #fy #fyp #foryou #foryoupage #opera #pekingopera #china #chineseculture ,209,151834224,8779,726480,129400,907480,2360000,6580000,57700000,149,102,57,18,0,13086190,156406,1228666,5700000,85700,603900,7205388003118697770,https://www.tiktok.com/@musicwang136/video/7205388003118697770,#chinese #京剧 #foryou ,248,143691793,47700,579402,261375,1400000,2995000,9460000,18900000,217,172,99,35,0,11156195,79759,606593,1700000,20600,137100,7495059041585089835,https://www.tiktok.com/@selfwho0/video/7495059041585089835,Madness or heartbreak? Hu Shi’s breakdown in The Auspicious Mirror of the Universe. 🎭💔 #TheAuspiciousMirror #HuShi #ChineseOpera #PekingOpera #EmotionalBreakdown #TraditionalTheater #ClassicOpera #CulturalHeritage #Tragi,0.2495,0.4573,0.5427,0.1379,0.5138,0.4862,medium,middle_40_70pct_reach,6.993039,middle_40_70pct_reach,6.340782,high_20_40pct_reach,6.822577,False,0
26,格萨(斯)尔史诗传统,Gesar epic tradition,RL,口头传统/史诗,78,178,419,81,182,412,10,0,0,10,7,657,663013279,49100,1009153,646800,2440000,4900000,16088000,48000000,565,427,270,129,0,59230025,369754,4604630,4700000,19900,1200000,6987630425363565850,https://www.tiktok.com/@nksomin/video/6987630425363565850,Venom epic moment 😎 #fyp #Venom2018 #Marvel,76,1787008,3271,23513,12700,76850,86025,252800,496400,61,21,2,0,0,68412,5661,26558,8780,1335,3769,7558969095731825951,https://www.tiktok.com/@tehocana3333/video/7558969095731825951,Replying to @yiyi_.gym Busca el video de donde viene este comentario #nesara #gesara #soberano #libre #revelaciones369 ,250,355405658,91500,1421623,1600000,3620000,6775000,16102000,19100000,211,154,124,90,0,36536067,212148,2363220,2400000,15100,513500,7247292681611660546,https://www.tiktok.com/@minzzshopp/video/7247292681611660546,sakpele | #epicmoment #film #tiktok #bestclip #tiktokmovieclip #movie #request #movie #fyp #dragonball #fyyyyyyyyyyyyyyyy ,407,307607621,44400,755793,209600,930940,2600000,12258000,48000000,354,273,146,39,0,22693958,157606,2241410,4700000,19900,1200000,6987630425363565850,https://www.tiktok.com/@nksomin/video/6987630425363565850,Venom epic moment 😎 #fyp #Venom2018 #Marvel,0.1157,0.3805,0.6195,0.0027,0.536,0.464,high,high_20_40pct_reach,7.208647,lower_70_90pct_reach,5.102243,top_20pct_reach,7.049469,True,-2
27,龙泉青瓷传统烧制技艺,Traditional firing technology of Longquan celadon,RL,传统手工艺,295,59,318,302,60,310,16,5,1,10,12,636,392626319,9834,617337,138725,760400,2725000,15440000,46100000,469,316,172,55,0,27048350,192417,1688593,3800000,22100,381200,7569629481434975502,https://www.tiktok.com/@shanbai09/video/7569629481434975502,"龙泉青瓷 Longquan Celadon | Originated in the Five Dynasties, flourished in the Song Dynasty, crafted in Longquan (Zhejiang) with its iconic celadon glaze, a treasure of Chinese porcelain. #traditional #handmade #chinesecraf",278,112095917,3487,403223,43525,282390,896850,5069000,46100000,189,110,45,14,0,8961124,66912,474176,3800000,22100,194000,7569629481434975502,https://www.tiktok.com/@shanbai09/video/7569629481434975502,"龙泉青瓷 Longquan Celadon | Originated in the Five Dynasties, flourished in the Song Dynasty, crafted in Longquan (Zhejiang) with its iconic celadon glaze, a treasure of Chinese porcelain. #traditional #handmade #chinesecraf",330,162441068,4501,492246,58000,412230,1655000,5213000,46100000,226,139,65,21,0,11279234,79161,572213,3800000,22100,194000,7569629481434975502,https://www.tiktok.com/@shanbai09/video/7569629481434975502,"龙泉青瓷 Longquan Celadon | Originated in the Five Dynasties, flourished in the Song Dynasty, crafted in Longquan (Zhejiang) with its iconic celadon glaze, a treasure of Chinese porcelain. #traditional #handmade #chinesecraf",306,230185251,20050,752239,255325,1300000,4450000,15920000,19900000,243,177,107,34,0,15769116,113256,1116380,2200000,12500,381200,7633736301002362119,https://www.tiktok.com/@user8513083442827/video/7633736301002362119,Better broken jade than whole tile. #LongquanCeladon #china #fyp #OrientalAesthetic#giftideas ,0.4371,0.5189,0.4811,0.2855,0.4137,0.5863,high,middle_40_70pct_reach,7.016816,high_20_40pct_reach,6.599825,middle_40_70pct_reach,6.765018,True,1
28,热贡艺术,Regong arts,RL,传统手工艺/宗教艺术,237,46,436,240,48,431,10,0,0,10,5,703,373763169,16500,531669,153150,629720,1300000,5588000,119400000,534,391,208,50,0,15949305,180411,3262103,1500000,14500,1200000,7589872995724774670,https://www.tiktok.com/@rehome.life/video/7589872995724774670,"Source factory direct supply, factory craftsmanship, SPC flooring real material.#OEM#EasyInstall #factory#flooring#spc flooring",233,3997651,994,17157,9857,41040,81660,303268,455500,116,57,10,0,0,222653,6881,10640,18800,1046,1054,7473271624385662254,https://www.tiktok.com/@thangka.painting/video/7473271624385662254,"#Thangka handmade painting, #religious art, #Tibetan Thangka",272,7530713,1529,27686,19050,77440,145660,370939,520900,150,84,23,0,0,360888,10032,20890,39700,1046,1761,7620800920133176592,https://www.tiktok.com/@tianguancifu19/video/7620800920133176592,這個東西可不是一般人可以玩的哦！道教法器_#Taoism #China #道教 #道教手印 #中国文化 #道教符咒 #道教法器 #中国 #玄學,431,366232456,60000,849727,388700,1100000,2200000,8270000,119400000,384,307,185,50,0,15588417,170379,3241213,1500000,14500,1200000,7589872995724774670,https://www.tiktok.com/@rehome.life/video/7589872995724774670,"Source factory direct supply, factory craftsmanship, SPC flooring real material.#OEM#EasyInstall #factory#flooring#spc flooring",0.3314,0.3869,0.6131,0.0107,0.0201,0.9799,high,middle_40_70pct_reach,6.987705,lower_70_90pct_reach,5.265674,bottom_10pct_reach,5.495435,True,-1
29,藏戏,Xizang opera,RL,表演艺术(戏曲),164,98,400,167,101,394,12,0,0,12,6,651,426305888,14600,654848,216300,1100000,3200000,13600000,29500000,496,354,216,70,0,27466677,275958,2347775,2800000,33800,581500,7618553054584917261,https://www.tiktok.com/@laranaa8/video/7618553054584917261,,159,1731170,1659,10888,8116,23940,70180,109336,200800,91,33,2,0,0,104819,2183,5627,14600,151,1754,7571090782103276808,https://www.tiktok.com/@theroyalfamilyofbhutan/video/7571090782103276808,"Ashi Yeatso Lhamo, wife of His Royal Highness Gyaltsab Jigme Dorji Wangchuck and elder sister of Her Majesty The Gyaltsuen 💛🐉🇧🇹🙇‍♀️💐 #royalfamily #royalfamilyofbhutan #ashiyeatsholhamo #globalpeaceprayer",252,36186921,2183,143599,17450,213670,888985,3000000,4300000,152,78,32,10,0,3048732,36710,274440,445500,7294,88500,7477237711829486870,https://www.tiktok.com/@earth2mars/video/7477237711829486870,#བོད་པ་ཡིན་པའི་སོད་ནམས་ཆེན་ #tibetansong💙show_some_love🌸 #康巴汉子舞蹈#khamdance ,399,390118967,67200,977742,407150,1600000,5170000,18914000,29500000,344,276,184,60,0,24417945,239248,2073335,2800000,33800,581500,7618553054584917261,https://www.tiktok.com/@laranaa8/video/7618553054584917261,,0.2442,0.3871,0.6129,0.0041,0.0849,0.9151,high,middle_40_70pct_reach,7.024815,bottom_10pct_reach,4.987861,lower_70_90pct_reach,6.206151,True,-2
30,玛纳斯,Manas,RL,口头传统/史诗,90,82,254,90,82,254,1,0,0,1,0,425,421670719,78300,992166,431400,2500000,4360000,17508000,27500000,373,313,199,76,0,37633962,344256,3586563,4100000,51300,491400,7538107186161995038,https://www.tiktok.com/@michaelcj.official/video/7538107186161995038,When Cai Jun Dances Like MJ – Coolness Defined in Every Glide#caijun #michaeljacksoncaijun#michael #mj #dance #moonwalk #theydontcareaboutus ,89,101345094,24800,1138709,382200,3340000,4940000,11852000,24700000,67,48,33,20,0,10072159,56823,815400,2800000,14800,424400,7604472694184185102,https://www.tiktok.com/@manaspalaparti/video/7604472694184185102,"please ignore the ugly grandma bun        ok so quick update lol, my main talking point in this was my dress, not my terrible hair or my lack of makeup. this was filmed close to 3:21 AM after the event was over—so natura",171,121859851,47300,712631,279350,1500000,4050000,9750000,24700000,141,112,64,26,0,12188111,79168,1053663,2800000,14800,424400,7604472694184185102,https://www.tiktok.com/@manaspalaparti/video/7604472694184185102,"please ignore the ugly grandma bun        ok so quick update lol, my main talking point in this was my dress, not my terrible hair or my lack of makeup. this was filmed close to 3:21 AM after the event was over—so natura",254,299810868,127100,1180358,568950,2670000,4610000,20509000,27500000,232,201,135,50,0,25445851,265088,2532900,4100000,51300,491400,7538107186161995038,https://www.tiktok.com/@michaelcj.official/video/7538107186161995038,When Cai Jun Dances Like MJ – Coolness Defined in Every Glide#caijun #michaeljacksoncaijun#michael #mj #dance #moonwalk #theydontcareaboutus ,0.2094,0.4024,0.5976,0.2403,0.289,0.711,high,middle_40_70pct_reach,7.060531,high_20_40pct_reach,6.776523,high_20_40pct_reach,6.802491,True,1
31,蒙古族呼麦,"Mongolian art of singing, Khoomei",RL,表演艺术(音乐),166,138,387,167,141,383,9,3,0,6,7,668,1042441489,97950,1560541,764125,3700000,6900000,27329000,81000000,582,473,332,145,0,97404604,783522,12777786,5100000,35800,1200000,7544518597226401037,https://www.tiktok.com/@erklen/video/7544518597226401037,throat singing chicken 2  #throatsinging #throatsing #mongolianthroatsinging #erklen #berkleecollegeofmusic ,162,320266425,63150,1976953,688525,3700000,7050000,40602000,81000000,141,109,77,30,0,25257079,168862,2829707,3500000,17300,571400,7544518597226401037,https://www.tiktok.com/@erklen/video/7544518597226401037,throat singing chicken 2  #throatsinging #throatsing #mongolianthroatsinging #erklen #berkleecollegeofmusic ,293,555775344,119500,1896844,971300,4380000,9600000,27628000,81000000,264,210,152,70,0,45799721,361276,4923639,3500000,27200,571400,7544518597226401037,https://www.tiktok.com/@erklen/video/7544518597226401037,throat singing chicken 2  #throatsinging #throatsing #mongolianthroatsinging #erklen #berkleecollegeofmusic ,382,500589873,75650,1310445,699100,2980000,5965000,25608000,48400000,325,269,184,77,0,52455142,428106,7971425,5100000,35800,1200000,7641989538625244423,https://www.tiktok.com/@mochalatteeeee_j/video/7641989538625244423,"belated and advance happy bday to us, my homies!🥳 #fyp #birthday #friends ",0.2425,0.4386,0.5719,0.3072,0.5331,0.4802,medium,top_20pct_reach,7.383857,top_20pct_reach,7.144702,top_20pct_reach,7.304676,False,0
32,花儿,Hua'er,RL,表演艺术(民歌),53,33,376,56,35,371,10,0,0,10,5,462,326138698,16950,705928,260450,1480000,3485000,12412000,20700000,356,260,163,60,1,30950327,293766,3555082,3000000,81600,1100000,7587698504424852749,https://www.tiktok.com/@bob485518/video/7587698504424852749,what did i do to bro 😭,53,71167,294,1343,959,5851,7691,8903,9629,13,0,0,0,0,3154,271,524,938,112,113,7649013595753172242,https://www.tiktok.com/@lin_cen_ling/video/7649013595753172242,歌曲：花儿开花儿落 #歌曲花儿开花儿落 #花儿开花儿落 #神级现场 #Chinesesongs #bestchinesesongs ,86,8129810,933,94533,8325,167600,839100,1160000,1500000,42,20,10,4,0,558558,4499,31782,204100,1079,10200,7492136204872191287,https://www.tiktok.com/@itsmatthewli/video/7492136204872191287,"好喜欢你啊 Chongqing, when can I go back to play again #chinese #asian #china #中国 #中文 #爱情故事 #重庆 #chongqing ",376,318008888,40700,845768,382025,2050000,4600000,13900000,20700000,314,240,153,56,1,30391769,289267,3523300,3000000,81600,1100000,7587698504424852749,https://www.tiktok.com/@bob485518/video/7587698504424852749,what did i do to bro 😭,0.1147,0.1861,0.8139,0.0002,0.0249,0.9751,high,lower_70_90pct_reach,6.95414,bottom_10pct_reach,3.855139,lower_70_90pct_reach,5.831221,True,-1
33,中国朝鲜族农乐舞,Farmers' dance of China's Korean ethnic group,RL,表演艺术(舞蹈),85,61,535,88,64,529,11,0,0,11,6,679,314728435,27700,463518,145800,655540,1800000,5500000,64800000,557,410,204,49,0,28026687,416365,6227638,7700000,135700,3500000,7625496809963621654,https://www.tiktok.com/@shunlinainai2/video/7625496809963621654,#过上了好日子红红火火 #过上了好日子 #农村人的快乐生活 #农村人爱唱歌 ,85,2671328,13300,31427,40200,86740,99520,244148,341000,65,45,5,0,0,100012,3035,4267,17000,258,570,7623707906407468306,https://www.tiktok.com/@baannongakin/video/7623707906407468306,รถไฟโทมัสแบบนั่งขับพร้อมราง 🚂🚦 เด็กสามารถนั่งบังคับได้จริง มีเพลงธีมโทมัสแบบออริจินัล เสียงหวีดรถไฟ และมีไฟกะพริบ สมจริง! #ของเล่นเสริมพัฒนาการ #ของเล่นเด็ก #ของเล่น #รถไฟ #รีวิวของเล่น ,144,7862306,14900,54599,59050,118170,203325,553318,1000000,116,82,20,1,0,267248,9645,17185,36900,1149,1867,7561271158096645407,https://www.tiktok.com/@realbeijinger/video/7561271158096645407,幸亏毛泽东死的早 不然中国变成北朝鲜#毛泽东 #中共 #李锐 #chinese ,535,306866129,34100,573582,225100,866600,2030000,6292000,64800000,441,328,184,48,0,27759439,406720,6210453,7700000,135700,3500000,7625496809963621654,https://www.tiktok.com/@shunlinainai2/video/7625496809963621654,#过上了好日子红红火火 #过上了好日子 #农村人的快乐生活 #农村人爱唱歌 ,0.1252,0.2121,0.7879,0.0085,0.025,0.975,high,lower_70_90pct_reach,6.957113,lower_70_90pct_reach,5.182991,bottom_10pct_reach,5.603532,False,0
34,中国书法,Chinese calligraphy,RL,传统手工艺/视觉艺术,408,68,228,408,68,228,0,0,0,0,0,689,1134619032,81200,1646762,832400,3500000,8600000,27768000,67300000,613,483,327,152,0,56533530,568497,4448986,2800000,37500,391200,7542145372022410504,https://www.tiktok.com/@wk_writer__2/video/7542145372022410504,best handwriting in the world 💕💫😇 #handwriting #trending #calligraphy #viral #foryou ,402,842210064,70050,2095050,842675,4580000,11285000,38058000,67300000,352,276,183,90,0,39437765,400587,2426406,2800000,32800,344300,7542145372022410504,https://www.tiktok.com/@wk_writer__2/video/7542145372022410504,best handwriting in the world 💕💫😇 #handwriting #trending #calligraphy #viral #foryou ,461,891454848,69400,1933742,837200,3900000,10000000,35580000,67300000,405,321,207,102,0,42185832,425743,2588081,2800000,32800,344300,7542145372022410504,https://www.tiktok.com/@wk_writer__2/video/7542145372022410504,best handwriting in the world 💕💫😇 #handwriting #trending #calligraphy #viral #foryou ,228,243164184,126600,1066510,776025,2760000,4965000,13368000,19700000,208,162,120,50,0,14347698,142754,1860905,1600000,37500,391200,7590099046388321549,https://www.tiktok.com/@dailychallenge0/video/7590099046388321549,funny challenge game #funny #challenge #game ,0.5835,0.6691,0.3309,0.7423,0.7857,0.2143,low,top_20pct_reach,7.413462,top_20pct_reach,7.384358,top_20pct_reach,7.379944,False,0
35,中国篆刻,Art of Chinese seal engraving,RL,传统手工艺,343,30,351,347,32,345,13,1,0,12,8,669,956427162,9907,1429637,158900,1700000,5760000,27824000,156700000,481,334,197,93,0,75710487,418107,13159700,21800000,109500,6100000,7584755757833325879,https://www.tiktok.com/@seal_sealion/video/7584755757833325879,#seal #sealion #fyp ,321,56311812,1138,175426,11100,89100,642700,3380000,19700000,168,85,32,12,0,2199502,21948,78856,1200000,12500,48300,7624096912974564621,https://www.tiktok.com/@craftheritage/video/7624096912974564621,"Longquan Ge Kiln is one of the Five Great Kilns of the Song Dynasty in China, famous for its distinctive crackle glaze (called ""gold thread and iron wire""). known for elegant shapes, subtle grayish-green or bluish tones,",339,70102791,1220,206793,12750,171920,936380,4258000,19700000,181,95,40,17,0,2923903,32943,110149,1200000,12500,48300,7624096912974564621,https://www.tiktok.com/@craftheritage/video/7624096912974564621,"Longquan Ge Kiln is one of the Five Great Kilns of the Song Dynasty in China, famous for its distinctive crackle glaze (called ""gold thread and iron wire""). known for elegant shapes, subtle grayish-green or bluish tones,",330,886324371,80200,2685831,845075,5610000,13425000,41710000,156700000,300,239,157,76,0,72786584,385164,13049551,21800000,109500,6100000,7584755757833325879,https://www.tiktok.com/@seal_sealion/video/7584755757833325879,#seal #sealion #fyp ,0.4798,0.5067,0.4933,0.0589,0.0733,0.9267,high,top_20pct_reach,7.378056,middle_40_70pct_reach,6.356258,middle_40_70pct_reach,6.456187,True,-2
36,中国剪纸,Chinese paper-cut,RL,传统手工艺,325,180,198,325,180,198,1,0,0,1,0,622,706737979,35250,1136235,474725,2490000,6980000,21388000,36500000,492,370,252,112,1,44017504,400599,2545700,5000000,39100,150900,6943714855299943685,https://www.tiktok.com/@onlyjayus/video/6943714855299943685,Life Advice with Jayus 🤓🐝 #fyp #lifeadvice #advice #lifehacks #hacks #protip #tips #onlyjayus #bees #papercut #hiccups #gay #onlyjayus,300,205339021,6480,684463,116050,863410,3210000,13009000,36500000,213,136,78,29,1,17751403,181146,531823,5000000,39100,69100,6943714855299943685,https://www.tiktok.com/@onlyjayus/video/6943714855299943685,Life Advice with Jayus 🤓🐝 #fyp #lifeadvice #advice #lifehacks #hacks #protip #tips #onlyjayus #bees #papercut #hiccups #gay #onlyjayus,437,399890083,14500,915080,325000,2140000,5040000,12352000,36500000,327,228,156,69,1,32711564,276684,1360893,5000000,39100,86500,6943714855299943685,https://www.tiktok.com/@onlyjayus/video/6943714855299943685,Life Advice with Jayus 🤓🐝 #fyp #lifeadvice #advice #lifehacks #hacks #protip #tips #onlyjayus #bees #papercut #hiccups #gay #onlyjayus,185,306847896,107300,1658637,891300,2960000,11260000,24740000,30400000,165,142,96,43,0,11305940,123915,1184807,1200000,20500,150900,7479295047393971487,https://www.tiktok.com/@_vector_/video/7479295047393971487,How to make a spider snowflake,0.4823,0.7026,0.2974,0.2905,0.5658,0.4342,medium,high_20_40pct_reach,7.24536,high_20_40pct_reach,6.888863,top_20pct_reach,7.088578,False,0
37,中国传统木结构建筑营造技艺,Chinese traditional architectural craftsmanship for timber-framed structures,RL,传统手工艺/建筑,301,87,486,305,88,481,13,0,3,10,7,863,672167120,24600,778873,255150,1300000,2890000,14376000,83300000,645,499,301,105,2,39956647,261772,3868479,2900000,18800,1100000,7591831028256296195,https://www.tiktok.com/@ishalcncwoodart_official/video/7591831028256296195,Best CNC router machine for wood carving V #foruyou #treanding #asmr #diycrafts #Craftsmanship ,301,38819861,2689,128970,55900,348900,770700,2100000,3200000,178,119,55,10,2,2197207,16434,138531,356800,1977,29100,7130212114853039406,https://www.tiktok.com/@goldeneaglelogtimber/video/7130212114853039406,"Welcome to the Timber Lake, our hottest trending floor plan! 🔥 Watch the full tour on youtube! Link bio #luxury #timberframe #newhome #homeideas #floorplans #loghouse #cabin #hometour #curbappeal #warmandcozy #woodenhous",380,107051073,4830,281713,78450,471130,1405000,4294000,14300000,239,171,87,23,2,8127882,65786,644597,1700000,18000,192100,7498337886933191943,https://www.tiktok.com/@zg.520/video/7498337886933191943,新中国第一条运河太震撼了#china #大国基建 ,483,565116047,72200,1170013,502550,2160000,4470000,21398000,83300000,406,328,214,82,0,31828765,195986,3223882,2900000,18800,1100000,7591831028256296195,https://www.tiktok.com/@ishalcncwoodart_official/video/7591831028256296195,Best CNC router machine for wood carving V #foruyou #treanding #asmr #diycrafts #Craftsmanship ,0.3488,0.4403,0.5597,0.0578,0.1593,0.8407,high,high_20_40pct_reach,7.183061,middle_40_70pct_reach,6.192428,middle_40_70pct_reach,6.587559,True,-1
38,端午节,Dragon Boat festival,RL,节庆民俗,416,187,226,416,187,226,1,0,0,1,0,792,358198018,7050,452270,137675,672580,1700000,8153000,48300000,540,371,221,64,21,21688219,176416,2382513,2400000,11100,1100000,7378664738378517806,https://www.tiktok.com/@art6859/video/7378664738378517806,端午安康#dominoeffect #domino #foryou ,388,111202009,3120,286603,57500,359350,729770,3065000,48300000,226,150,81,16,13,3776676,41628,171578,656100,7551,22100,7378664738378517806,https://www.tiktok.com/@art6859/video/7378664738378517806,端午安康#dominoeffect #domino #foryou ,568,215263996,4309,378986,83075,440220,1100000,4832000,48300000,365,239,132,32,18,9236981,92281,488759,1400000,9816,136700,7378664738378517806,https://www.tiktok.com/@art6859/video/7378664738378517806,端午安康#dominoeffect #domino #foryou ,224,142934022,32200,638098,375600,1500000,2985000,10239000,16900000,175,132,89,32,3,12451238,84135,1893754,2400000,11100,1100000,7506532829501639944,https://www.tiktok.com/@baby_bear19999/video/7506532829501639944,the silence is too loud #blowthisup #xybca #xybca #blowthisup #fyp #roblox #fyppppppppppppppppppppppp #fyppppppppppppppppppppppp #viralvideo #fyp #fyp #fyp #fyp #fyppppppppppppppppppppppp #fyppppppppppppppppppppppp #fyp ,0.4899,0.7172,0.2828,0.3104,0.601,0.399,medium,lower_70_90pct_reach,6.946025,high_20_40pct_reach,6.596426,middle_40_70pct_reach,6.780202,True,2
39,妈祖信俗,Mazu belief and customs,RL,民俗信仰,219,16,225,222,18,220,9,0,0,9,5,456,286145813,30200,627513,306300,1200000,2300000,11725000,33600000,354,282,172,55,1,19547814,214164,903039,2100000,31500,187900,7083716709554736385,https://www.tiktok.com/@mazzu777/video/7083716709554736385,허허.🤔 #김준호 #마쭈 #mazzu #cat #추천 #추천떠라 #fyp #comedy #tiktokcomedy #웃긴영상 #틱톡순삭 #viral #xyzbca #이어찍기 @junya1gou,216,46836788,7877,216837,99300,636200,1175000,3210000,4100000,146,104,54,15,0,3176427,48239,111206,275900,13300,26100,7611006409509063956,https://www.tiktok.com/@sury9201/video/7611006409509063956,#douyin抖音 #Mazu #china ,231,51153851,9580,221445,106400,694700,1150000,3120000,4100000,158,115,62,16,1,3487766,53934,130775,275900,13300,26100,7611006409509063956,https://www.tiktok.com/@sury9201/video/7611006409509063956,#douyin抖音 #Mazu #china ,225,234991962,86700,1044409,590700,1760000,5140000,15588000,33600000,196,167,110,39,0,16060048,160230,772264,2100000,31500,187900,7083716709554736385,https://www.tiktok.com/@mazzu777/video/7083716709554736385,허허.🤔 #김준호 #마쭈 #mazzu #cat #추천 #추천떠라 #fyp #comedy #tiktokcomedy #웃긴영상 #틱톡순삭 #viral #xyzbca #이어찍기 @junya1gou,0.4737,0.5066,0.4934,0.1637,0.1788,0.8212,high,lower_70_90pct_reach,6.915483,middle_40_70pct_reach,6.305812,middle_40_70pct_reach,6.321843,True,1
40,中国雕版印刷技艺,China engraved block printing technique,RL,传统手工艺,230,50,415,229,51,415,10,3,1,6,6,679,363578958,12300,535462,129950,916680,2220000,11576000,24400000,527,362,186,65,2,18901980,131632,1569659,2100000,12700,656700,7322759248818081055,https://www.tiktok.com/@explore.china6/video/7322759248818081055,#handcraft #handmade #fyp #learnontiktok #chineseculture ,229,93351113,7747,407647,47600,348380,907880,6128000,24400000,185,103,42,11,1,6404367,35832,124376,1200000,8739,16100,7322759248818081055,https://www.tiktok.com/@explore.china6/video/7322759248818081055,#handcraft #handmade #fyp #learnontiktok #chineseculture ,279,105402086,6652,377785,38650,348380,1110000,5708000,24400000,202,115,48,15,1,6712662,39452,195047,1200000,8739,25800,7322759248818081055,https://www.tiktok.com/@explore.china6/video/7322759248818081055,#handcraft #handmade #fyp #learnontiktok #chineseculture ,400,258176872,26500,645442,267925,1300000,3020000,12244000,21000000,325,247,138,50,1,12189318,92180,1374612,2100000,12700,656700,6980455050179005702,https://www.tiktok.com/@skylineprintworks/video/6980455050179005702,Part 2! #printmaking #arttok #blockprint #jigsawprint #oddlysatisfying #asmr #trusttheprocess,0.3373,0.4109,0.5891,0.2568,0.2899,0.7101,high,lower_70_90pct_reach,6.922095,middle_40_70pct_reach,6.515677,middle_40_70pct_reach,6.570358,True,1
41,昆曲,Kun Qu opera,RL,表演艺术(戏曲),316,56,311,320,58,305,11,0,0,11,6,617,230243040,4943,373165,106900,676520,1600000,8300000,24500000,473,267,160,47,0,17841451,137237,1598185,1800000,16600,818100,7637255776473517319,https://www.tiktok.com/@brian.liu1/video/7637255776473517319,看看【蒲公英的作品】真正的绝活# 戏曲舞台技术技巧 # 台上一分鐘台下#網絡搬運 ,262,6347962,1544,24229,3963,37850,122255,542558,680000,162,42,15,0,0,599551,4058,25019,90300,416,4154,7617774406609243406,https://www.tiktok.com/@visitbeijing/video/7617774406609243406,"Kunqu Opera—older than Peking opera, slower, more intricate. The kind of singing where a single phrase can stretch into something unexpected. Our host got up and tried to learn a few lines with the performers. It did not",310,13866840,1663,44732,7532,112990,254335,674159,1200000,200,70,32,1,0,1194076,8601,47541,163600,786,5797,7584367831001713950,https://www.tiktok.com/@ronyole1/video/7584367831001713950,#越剧 #弘扬戏曲文化 #fyp #九斤姑娘 ,307,216376200,44200,704808,347050,1600000,3010000,11850000,24500000,273,197,128,46,0,16647375,128636,1550644,1800000,16600,818100,7637255776473517319,https://www.tiktok.com/@brian.liu1/video/7637255776473517319,看看【蒲公英的作品】真正的绝活# 戏曲舞台技术技巧 # 台上一分鐘台下#網絡搬運 ,0.4246,0.5024,0.4976,0.0276,0.0602,0.9398,high,bottom_10pct_reach,6.796723,lower_70_90pct_reach,5.448381,lower_70_90pct_reach,5.759273,True,1
42,古琴艺术,Guqin and its music,RL,表演艺术(音乐),315,80,165,314,85,161,12,6,0,6,9,487,333838031,51600,685499,406950,1500000,3070000,11412000,38900000,399,309,213,69,0,25141849,255169,2004206,1800000,21800,455800,7569493475566030135,https://www.tiktok.com/@hudddjd/video/7569493475566030135,Ru porcelain and guqin making#craftsman#handmade #fyp #rurallife #handwork  ,276,106426001,36900,385601,212850,818400,1400000,4800000,20200000,220,172,107,22,0,8796760,69414,407843,1100000,11600,56700,7485060943156694303,https://www.tiktok.com/@mizdramaholic/video/7485060943156694303,The Orchid Pavilion #兰亭序 #Guzheng #古筝 #iguzheng #guzhengmaster ,333,133835279,42600,401908,264300,956720,1500000,4700000,20200000,272,212,134,32,0,10695202,89321,529856,1100000,11600,56700,7485060943156694303,https://www.tiktok.com/@mizdramaholic/video/7485060943156694303,The Orchid Pavilion #兰亭序 #Guzheng #古筝 #iguzheng #guzhengmaster ,154,200002752,104050,1298719,907800,3200000,5435000,13734000,38900000,127,97,79,37,0,14446647,165848,1474350,1800000,21800,455800,7569493475566030135,https://www.tiktok.com/@hudddjd/video/7569493475566030135,Ru porcelain and guqin making#craftsman#handmade #fyp #rurallife #handwork  ,0.5667,0.6838,0.3162,0.3188,0.4009,0.5991,high,middle_40_70pct_reach,7.004767,high_20_40pct_reach,6.625024,middle_40_70pct_reach,6.680035,True,1
43,新疆维吾尔木卡姆艺术,Uyghur Muqam of Xinjiang,RL,表演艺术(音乐),91,57,383,93,59,379,12,1,0,11,4,519,196603306,44500,378812,225750,794400,1500000,5502000,18000000,442,351,190,38,1,13211081,237524,2836939,2400000,53100,1200000,7589712529983589653,https://www.tiktok.com/@thomastfu/video/7589712529983589653,#童年回忆 ,86,6692744,7233,77823,44125,236150,390100,908965,1000000,64,38,15,1,0,410412,13599,33210,59700,2869,12400,7641792081266035988,https://www.tiktok.com/@fangxiaojieaizhuiju/video/7641792081266035988,萬桐書決心獨自留守邊疆，執心潛心研習收錄木卡姆珍貴樂曲文化#我們愛追劇 #劇分享 #陸劇 #芳小姐愛追劇,139,9933070,7960,71461,61250,199960,323020,876446,1000000,101,66,26,1,0,559092,21557,43863,59700,2869,12400,7641792081266035988,https://www.tiktok.com/@fangxiaojieaizhuiju/video/7641792081266035988,萬桐書決心獨自留守邊疆，執心潛心研習收錄木卡姆珍貴樂曲文化#我們愛追劇 #劇分享 #陸劇 #芳小姐愛追劇,380,186670236,63950,491237,311000,976660,2000000,6099000,18000000,341,285,164,37,1,12651989,215967,2793076,2400000,53100,1200000,7589712529983589653,https://www.tiktok.com/@thomastfu/video/7589712529983589653,#童年回忆 ,0.1657,0.2678,0.7322,0.034,0.0505,0.9495,high,bottom_10pct_reach,6.743547,lower_70_90pct_reach,5.666286,bottom_10pct_reach,5.720346,True,1
44,蒙古族长调民歌,"Urtiin Duu, traditional folk long song",RL,表演艺术(音乐),66,16,543,67,18,540,13,3,0,10,9,617,1028040693,160500,1666192,845600,3700000,6360000,27908000,81000000,578,493,343,142,0,94662166,800015,8058454,5000000,65800,679500,7544518597226401037,https://www.tiktok.com/@erklen/video/7544518597226401037,throat singing chicken 2  #throatsinging #throatsing #mongolianthroatsinging #erklen #berkleecollegeofmusic ,65,153711277,35000,2364789,104300,230940,528500,52200000,81000000,59,42,17,3,0,9140312,63507,813550,3500000,31900,549000,7544518597226401037,https://www.tiktok.com/@erklen/video/7544518597226401037,throat singing chicken 2  #throatsinging #throatsing #mongolianthroatsinging #erklen #berkleecollegeofmusic ,78,154089817,25750,1975510,91400,181120,436200,46350000,81000000,70,49,17,3,0,9153757,64126,814413,3500000,31900,549000,7544518597226401037,https://www.tiktok.com/@erklen/video/7544518597226401037,throat singing chicken 2  #throatsinging #throatsing #mongolianthroatsinging #erklen #berkleecollegeofmusic ,539,873950876,210000,1621430,1100000,4120000,6620000,23392000,40500000,508,444,326,139,0,85508409,735889,7244041,5000000,65800,679500,7493231739372866823,https://www.tiktok.com/@itsdxnmusic/video/7493231739372866823,#spotify #fullsong #lyrics #fyp ,0.1053,0.1264,0.8736,0.1495,0.1499,0.8501,high,top_20pct_reach,7.370766,middle_40_70pct_reach,6.575637,middle_40_70pct_reach,6.546835,True,-2
