project_id,project_name,project_name_en,list_type,category,label_likely_relevant_rows,label_needs_review_rows,label_low_relevance_rows,raw_unique_videos,raw_total_play,raw_median_play,raw_mean_play,raw_p75_play,raw_p90_play,raw_p95_play,raw_p99_play,raw_max_play,raw_videos_ge_1k,raw_videos_ge_10k,raw_videos_ge_100k,raw_videos_ge_1m,raw_zero_play_videos,raw_total_digg,raw_total_comment,raw_total_share,raw_max_digg,raw_max_comment,raw_max_share,raw_top_video_id,raw_top_video_url,raw_top_video_desc,likely_unique_videos,likely_total_play,likely_median_play,likely_mean_play,likely_p75_play,likely_p90_play,likely_p95_play,likely_p99_play,likely_max_play,likely_videos_ge_1k,likely_videos_ge_10k,likely_videos_ge_100k,likely_videos_ge_1m,likely_zero_play_videos,likely_total_digg,likely_total_comment,likely_total_share,likely_max_digg,likely_max_comment,likely_max_share,likely_top_video_id,likely_top_video_url,likely_top_video_desc,inclusive_unique_videos,inclusive_total_play,inclusive_median_play,inclusive_mean_play,inclusive_p75_play,inclusive_p90_play,inclusive_p95_play,inclusive_p99_play,inclusive_max_play,inclusive_videos_ge_1k,inclusive_videos_ge_10k,inclusive_videos_ge_100k,inclusive_videos_ge_1m,inclusive_zero_play_videos,inclusive_total_digg,inclusive_total_comment,inclusive_total_share,inclusive_max_digg,inclusive_max_comment,inclusive_max_share,inclusive_top_video_id,inclusive_top_video_url,inclusive_top_video_desc,low_unique_videos,low_total_play,low_median_play,low_mean_play,low_p75_play,low_p90_play,low_p95_play,low_p99_play,low_max_play,low_videos_ge_1k,low_videos_ge_10k,low_videos_ge_100k,low_videos_ge_1m,low_zero_play_videos,low_total_digg,low_total_comment,low_total_share,low_max_digg,low_max_comment,low_max_share,low_top_video_id,low_top_video_url,low_top_video_desc,likely_video_ratio,inclusive_video_ratio,low_relevance_video_ratio,likely_play_ratio,inclusive_play_ratio,low_relevance_play_ratio,reach_noise_risk,raw_reach_tier,raw_reach_score,likely_reach_tier,likely_reach_score,inclusive_reach_tier,inclusive_reach_score,reach_tier_changed_after_relevance_filter,raw_to_likely_tier_delta
1,春节,"Spring Festival, social practices of the Chinese people in celebration of traditional new year",RL,节庆民俗,1032,156,343,1343,1785863950,138900,1329757,714700,2700000,6490000,21086000,71900000,1173,998,726,273,2,160690720,1303569,17899626,7700000,135700,3500000,7614151831207398670,https://www.tiktok.com/@cnn/video/7614151831207398670,"President Donald Trump hosted the 2025 MLS Cup Champions Inter Miami on Thursday, marking Lionel Messi's first visit to the White House.",900,1190216794,198700,1322463,850475,3010000,6915000,20117000,37300000,813,713,543,205,1,114703206,814930,8946024,3600000,39300,455700,7608687823369047310,https://www.tiktok.com/@mcplaygt/video/7608687823369047310,So anyone else got this much or less? 😭 #mcplaygt #fyp #skit #lunarnewyear #comedy ,1015,1275828452,175300,1256974,803500,2860000,6500000,18102000,37300000,907,786,592,222,1,120592336,868651,9560837,3600000,39300,455700,7608687823369047310,https://www.tiktok.com/@mcplaygt/video/7608687823369047310,So anyone else got this much or less? 😭 #mcplaygt #fyp #skit #lunarnewyear #comedy ,328,510035498,44900,1554986,367225,2100000,5005000,48727000,71900000,266,212,134,51,1,40098384,434918,8338789,7700000,135700,3500000,7614151831207398670,https://www.tiktok.com/@cnn/video/7614151831207398670,"President Donald Trump hosted the 2025 MLS Cup Champions Inter Miami on Thursday, marking Lionel Messi's first visit to the White House.",0.6701,0.7558,0.2442,0.6665,0.7144,0.2856,medium,top_20pct_reach,7.479932,top_20pct_reach,7.358298,top_20pct_reach,7.363194,False,0
2,中国传统制茶技艺及其相关习俗,Traditional tea processing techniques and associated social practices in China,RL,手工艺/民俗,640,282,673,1206,587708589,19550,487321,207325,986800,2300000,8380000,32800000,946,680,419,120,2,34954999,285437,3974789,2200000,26700,869000,7566599130772983054,https://www.tiktok.com/@tk25145156z/video/7566599130772983054,一老一少在泡茶，怎么样香不#传统文化 #召唤茶友 #茶文化茶生活以茶會友 ,473,143086500,7499,302508,124000,808560,1700000,3840000,14500000,351,225,123,40,0,10232518,67093,525706,973400,3465,101000,7569553905730768142,https://www.tiktok.com/@tk25145156z/video/7569553905730768142,中国茶道知多少？让南方小牛牛给你们展示下吧#召唤茶友 #传统文化 #中国功夫茶 #茶文化茶生活以茶會友 ,645,242434553,11700,375868,145400,785960,1800000,5672000,24300000,491,333,190,54,0,17711572,104824,1645843,1600000,5055,869000,7635616535716859157,https://www.tiktok.com/@china.tea86/video/7635616535716859157,注意，我要发射了！你今天喝茶了吗？#茶叶 #茶玩 #茶叶文化 #喝茶 #今天你喝茶了吗 ,564,348247136,39250,617459,313725,1340000,2900000,10422000,32800000,458,350,232,67,2,17691741,182506,2360175,2200000,26700,305400,7566599130772983054,https://www.tiktok.com/@tk25145156z/video/7566599130772983054,一老一少在泡茶，怎么样香不#传统文化 #召唤茶友 #茶文化茶生活以茶會友 ,0.3922,0.5348,0.4677,0.2435,0.4125,0.5926,high,middle_40_70pct_reach,7.061311,high_20_40pct_reach,6.676733,high_20_40pct_reach,6.829178,True,1
3,太极拳,Taijiquan,RL,传统体育/养生,427,110,79,525,346462690,50800,659929,397900,1500000,2380000,8976000,39800000,463,341,227,75,0,18789132,268638,1656600,3000000,31600,317800,7647935446462254367,https://www.tiktok.com/@yukungfu.com/video/7647935446462254367,"Kung fu shapes body, discipline shapes soul. #Training #kungfu ",377,248769168,85700,659865,516800,1500000,2420000,8924000,33400000,340,262,183,61,0,11497577,165087,878065,1200000,9825,78400,7555853013085130002,https://www.tiktok.com/@tairi46/video/7555853013085130002,姫にダンスを操られる俺たち🎽@TAICHI（筋達磨）💪👹 @中島 結音（ゆのん） ,452,276180166,53500,611018,434700,1500000,2245000,8949000,33400000,406,300,199,66,0,13233824,195399,1346881,1200000,11000,317800,7555853013085130002,https://www.tiktok.com/@tairi46/video/7555853013085130002,姫にダンスを操られる俺たち🎽@TAICHI（筋達磨）💪👹 @中島 結音（ゆのん） ,73,70282524,40400,962774,339600,1660000,3740000,14528000,39800000,57,41,28,9,0,5555308,73239,309719,3000000,31600,128900,7647935446462254367,https://www.tiktok.com/@yukungfu.com/video/7647935446462254367,"Kung fu shapes body, discipline shapes soul. #Training #kungfu ",0.7181,0.861,0.139,0.718,0.7971,0.2029,low,middle_40_70pct_reach,6.976452,high_20_40pct_reach,6.904095,high_20_40pct_reach,6.912195,True,1
4,送王船,"Ong Chun/Wangchuan/Wangkang ceremony, rituals and related practices for maintaining the sustainable connection between man and the ocean",RL,民俗仪式,148,148,600,874,324028879,16400,370742,134675,600300,1800000,6781000,20300000,640,481,248,63,93,17999849,177468,1016549,1800000,10500,104700,7617709236507675924,https://www.tiktok.com/@khat_019/video/7617709236507675924,คลิปนี้มีมวย5555🤔😂 #ฟีดดดシ #เทรนด์วันนี้  #อย่าปิดการมองเห็น  #รําวงเพชรบุรี  #มือคีย์บอดที่ชื่อสุดเขตอะ ,145,41973209,3429,289470,26400,165920,1660000,6056000,9100000,90,61,19,9,0,1484620,18818,86266,386400,4496,25900,6951247895182036225,https://www.tiktok.com/@ong_chu_nha_que/video/6951247895182036225,Chị rắn cắn chuẩn... lên bàn ngồi 😂😂😂 #ongchunhaque #fyp,289,63212122,781,218727,23100,156600,437380,6112000,9100000,137,97,36,12,92,2186368,28987,136214,409900,4496,33500,6951247895182036225,https://www.tiktok.com/@ong_chu_nha_que/video/6951247895182036225,Chị rắn cắn chuẩn... lên bàn ngồi 😂😂😂 #ongchunhaque #fyp,585,260816757,39000,445841,214600,825060,2080000,7160000,20300000,503,384,212,51,1,15813481,148481,880335,1800000,10500,104700,7617709236507675924,https://www.tiktok.com/@khat_019/video/7617709236507675924,คลิปนี้มีมวย5555🤔😂 #ฟีดดดシ #เทรนด์วันนี้  #อย่าปิดการมองเห็น  #รําวงเพชรบุรี  #มือคีย์บอดที่ชื่อสุดเขตอะ ,0.1659,0.3307,0.6693,0.1295,0.1951,0.8049,high,bottom_10pct_reach,6.869169,middle_40_70pct_reach,6.366989,lower_70_90pct_reach,6.25321,True,2
5,藏医药浴法,"Lum medicinal bathing of Sowa Rigpa, knowledge and practices concerning life, health and illness prevention and treatment among the Xizang people in China",RL,传统医药,128,45,584,746,306313629,22800,410608,164375,841400,1800000,6195000,38400000,557,417,241,66,1,21538478,248105,2217911,1700000,21600,362200,7058758162630872322,https://www.tiktok.com/@69scorpionqueen/video/7058758162630872322,#сафарова #питер,123,1356247,741,11026,3202,19660,53360,193904,282900,47,15,4,0,0,52379,928,3300,21700,164,780,7126331545304059137,https://www.tiktok.com/@cleo_abrahams/video/7126331545304059137,This ancient tibetan medicine massage helped me with my insomnia 💆‍♀️ #asmr #massage #tibetanmassage #headmassage #insomnia,167,9819945,952,58802,9981,74660,174540,1123682,3300000,82,42,15,2,0,510798,10376,49762,266100,3702,28800,7562784547335687431,https://www.tiktok.com/@zhangyao145/video/7562784547335687431,探故知. tan gu zhi.,579,296493684,46100,512079,258050,1200000,2110000,7408000,38400000,475,375,226,64,1,21027680,237729,2168149,1700000,21600,362200,7058758162630872322,https://www.tiktok.com/@69scorpionqueen/video/7058758162630872322,#сафарова #питер,0.1649,0.2239,0.7761,0.0044,0.0321,0.9679,high,lower_70_90pct_reach,6.914751,bottom_10pct_reach,4.961071,bottom_10pct_reach,5.706017,True,-1
6,二十四节气,"The Twenty-Four Solar Terms, knowledge in China of time and practices developed through observation of the sun's annual motion",RL,传统知识/民俗,203,63,617,849,348781807,16900,410815,154800,713200,2060000,5708000,38700000,634,468,247,68,1,18770913,252699,1343578,3100000,26400,164300,7629582028886789406,https://www.tiktok.com/@l0nelysoul0/video/7629582028886789406,... #real #atmosphere #apathy #nature #vibes ,191,31700849,1308,165973,27300,371700,1048500,2540000,3800000,99,58,34,10,0,964362,38919,41321,272100,23000,9107,7514831391079648543,https://www.tiktok.com/@whataboutaub/video/7514831391079648543,"Was the Chinese Calendar correct for your pregnancies? I used to think it was wrong, but then I realized I wasn’t calculating the Lunar New Year change every year. 🤦🏻‍♀️ I put everything into chat GPT with my birthday, c",247,53148595,2012,215176,68650,413140,1270000,3478000,5900000,142,95,53,14,0,1760855,57756,111334,272100,23000,36800,7624787630131105042,https://www.tiktok.com/@.memescreens/video/7624787630131105042,"This CapCut template features the viral “Hachimichi Michi Tuff Baby” meme by @luna_versex, paired with the nostalgic Chinese song The Past Can Only Be Recalled (往事只能回味) by Han Baoyi. The trend blends AI-generated baby-st",602,295633212,27000,491085,174750,812410,2200000,6792000,38700000,492,373,194,54,1,17010058,194943,1232244,3100000,26400,164300,7629582028886789406,https://www.tiktok.com/@l0nelysoul0/video/7629582028886789406,... #real #atmosphere #apathy #nature #vibes ,0.225,0.2909,0.7091,0.0909,0.1524,0.8476,high,lower_70_90pct_reach,6.956735,middle_40_70pct_reach,6.202937,lower_70_90pct_reach,6.367663,True,1
7,中国珠算,"Chinese Zhusuan, knowledge and practices of mathematical calculation through the abacus",RL,传统知识,220,45,380,618,507482849,28100,821170,299200,1530000,3415000,19511000,51000000,480,371,222,84,2,25139881,251847,1620110,1700000,25800,185500,7526849661034876165,https://www.tiktok.com/@dy991891/video/7526849661034876165,Generasi emas sesungguhnya dari sebuah bangsa🤴🏻 #sempoamental #abacus #matematika #genalpha ,218,283844719,88900,1302040,820225,2620000,5630000,21669000,51000000,182,152,105,50,0,13842388,129372,793474,1700000,25800,174000,7526849661034876165,https://www.tiktok.com/@dy991891/video/7526849661034876165,Generasi emas sesungguhnya dari sebuah bangsa🤴🏻 #sempoamental #abacus #matematika #genalpha ,253,295416582,76900,1167654,668200,2480000,4940000,20164000,51000000,208,172,116,53,0,14433390,136451,851485,1700000,25800,174000,7526849661034876165,https://www.tiktok.com/@dy991891/video/7526849661034876165,Generasi emas sesungguhnya dari sebuah bangsa🤴🏻 #sempoamental #abacus #matematika #genalpha ,365,212066267,16500,581003,159800,779360,2460000,13144000,35800000,272,199,106,31,2,10706491,115396,768625,1700000,23300,185500,7598842429793455373,https://www.tiktok.com/@linshenmekun/video/7598842429793455373,爆辣酱汁菌菇拼盘太过瘾了，配上活珠子野山椒手剥笋差点又起飞#美食 #上热门#活珠子#野山椒,0.3528,0.4094,0.5906,0.5593,0.5821,0.4179,medium,middle_40_70pct_reach,7.109929,top_20pct_reach,7.065301,high_20_40pct_reach,7.055789,True,2
8,福建木偶戏,Strategy for training coming generations of Fujian puppetry practitioners,GSP,保护实践(木偶戏),66,85,753,865,623321342,39800,720603,269900,1200000,2980000,10616000,62900000,703,552,339,97,1,47041781,323317,4819378,11000000,48500,1700000,7646044803981004050,https://www.tiktok.com/@yigerenyetinghaode/video/7646044803981004050,论戏精小猫如何出片 #街头摄影 #这个世界不能没有小猫 #领先烘焙猫粮 #领先猫粮 #领先羊奶鸡,61,1436465,746,23549,1657,25300,32800,560140,761500,20,7,2,0,0,33385,536,2935,22900,400,2223,7453770690328710446,https://www.tiktok.com/@mongthientruong/video/7453770690328710446,Nơi Ở Của Mạnh Khương Nữ Người Khóc Đổ Vạn Lý Trường Thành #SmallBusiness #TikTokBusinessCampaign #MoneySavingTips #HistoryTok  #TikTokHumanitiesCampaign #BookRecommendations #cànlongtruyện #tửcấmthành #fyp #viral #mạnhk,127,73828063,3289,581323,163100,884940,2470000,10212000,28200000,76,52,36,11,0,5517858,46050,208730,1900000,23600,91900,7496793604933946679,https://www.tiktok.com/@pizza.55555/video/7496793604933946679,冰淇淋 #披薩的辣 #川渝女生 #抖音 #情侣 ,738,549493279,50550,744571,275650,1200000,3000000,10400000,62900000,627,500,303,86,1,41523923,277267,4610648,11000000,48500,1700000,7646044803981004050,https://www.tiktok.com/@yigerenyetinghaode/video/7646044803981004050,论戏精小猫如何出片 #街头摄影 #这个世界不能没有小猫 #领先烘焙猫粮 #领先猫粮 #领先羊奶鸡,0.0705,0.1468,0.8532,0.0023,0.1184,0.8816,high,middle_40_70pct_reach,7.157003,bottom_10pct_reach,4.95966,middle_40_70pct_reach,6.638192,True,-2
9,赫哲族伊玛堪,Hezhe Yimakan storytelling,USL,口头传统/史诗,63,40,556,656,317137967,44700,483442,259250,843550,1850000,8890000,22000000,547,425,256,60,0,21659356,259376,3088447,2200000,34300,1200000,7166206744530570497,https://www.tiktok.com/@mayilong0/video/7166206744530570497,"#ftx #dogecoin #elonmusk #tesla Really want to slap you both in the face.  So many people put their trust in you, only to let them down.",62,15530401,65200,250490,237450,622600,745955,2885000,3800000,48,37,24,3,0,1439735,9008,97909,222000,1527,49100,7572567790519897364,https://www.tiktok.com/@zhezhehe/video/7572567790519897364,#xuhuong #fyp #cosplay ,101,20735989,40300,205307,170900,585300,677500,2300000,3800000,81,61,35,4,0,1564079,12166,103957,222000,1527,49100,7572567790519897364,https://www.tiktok.com/@zhezhehe/video/7572567790519897364,#xuhuong #fyp #cosplay ,555,296401978,44900,534058,279700,994320,2190000,9506000,22000000,466,364,221,56,0,20095277,247210,2984490,2200000,34300,1200000,7166206744530570497,https://www.tiktok.com/@mayilong0/video/7166206744530570497,"#ftx #dogecoin #elonmusk #tesla Really want to slap you both in the face.  So many people put their trust in you, only to let them down.",0.0945,0.154,0.846,0.049,0.0654,0.9346,high,bottom_10pct_reach,6.878425,middle_40_70pct_reach,6.028114,lower_70_90pct_reach,6.073259,True,2
10,中国皮影戏,Chinese shadow puppetry,RL,表演艺术,191,107,514,728,814114302,31650,1118289,339000,2100000,4365000,24296000,62900000,574,452,289,109,0,45821026,402537,5084294,11000000,66700,1700000,7646044803981004050,https://www.tiktok.com/@yigerenyetinghaode/video/7646044803981004050,论戏精小猫如何出片 #街头摄影 #这个世界不能没有小猫 #领先烘焙猫粮 #领先猫粮 #领先羊奶鸡,163,13264017,1083,81374,16300,83180,257620,1794000,3300000,84,45,15,3,0,390279,5539,17899,84500,1187,5280,7017719800428285185,https://www.tiktok.com/@pandatalk_/video/7017719800428285185,An art of using shadows-Chinese shadow puppetry!#china #foryou #fyp #tiktok #shadow,241,78808469,2680,327006,42700,428600,963400,4740000,28200000,147,94,44,12,0,4007171,48570,441823,1900000,23700,188400,7496793604933946679,https://www.tiktok.com/@pizza.55555/video/7496793604933946679,冰淇淋 #披薩的辣 #川渝女生 #抖音 #情侣 ,487,735305833,101700,1509868,612850,2840000,6270000,28224000,62900000,427,358,245,97,0,41813855,353967,4642471,11000000,66700,1700000,7646044803981004050,https://www.tiktok.com/@yigerenyetinghaode/video/7646044803981004050,论戏精小猫如何出片 #街头摄影 #这个世界不能没有小猫 #领先烘焙猫粮 #领先猫粮 #领先羊奶鸡,0.2239,0.331,0.669,0.0163,0.0968,0.9032,high,high_20_40pct_reach,7.248704,lower_70_90pct_reach,5.810895,middle_40_70pct_reach,6.513504,True,-2
11,麦西热甫,Meshrep,USL,表演艺术/民俗,96,36,410,542,410304017,30000,757018,217600,979570,2395000,11821000,66700000,454,345,196,53,0,36208335,398866,5831077,5900000,39400,3200000,7515401417339702550,https://www.tiktok.com/@yuji_beleza/video/7515401417339702550,Uyghur language ❤️ . #uyghur #turkish #uzbek #uzbekistan #japanese #azerban #vienna #turkic ,96,145911002,275200,1519906,1025000,2450000,3675000,10555000,66700000,93,80,67,26,0,8930612,157316,405331,2700000,32700,75900,7515401417339702550,https://www.tiktok.com/@yuji_beleza/video/7515401417339702550,Uyghur language ❤️ . #uyghur #turkish #uzbek #uzbekistan #japanese #azerban #vienna #turkic ,132,148536844,159550,1125279,769675,2090000,3090000,6670000,66700000,116,98,73,26,0,9051929,163259,416541,2700000,32700,75900,7515401417339702550,https://www.tiktok.com/@yuji_beleza/video/7515401417339702550,Uyghur language ❤️ . #uyghur #turkish #uzbek #uzbekistan #japanese #azerban #vienna #turkic ,410,261767173,19350,638457,135725,475990,1965000,12429000,49000000,338,247,123,27,0,27156406,235607,5414536,5900000,39400,3200000,7618459287039479061,https://www.tiktok.com/@xastorevietnam/video/7618459287039479061,Hachimi 🤪  #xastorevietnam_tiemdienthoai #anhdadenbaniphone ,0.1771,0.2435,0.7565,0.3556,0.362,0.638,high,middle_40_70pct_reach,7.041616,high_20_40pct_reach,6.903347,high_20_40pct_reach,6.883376,True,1
12,中国水密隔舱福船制造技艺,Watertight-bulkhead technology of Chinese junks,USL,传统手工艺,243,35,434,712,758064231,18450,1064697,228600,1300000,3300000,20451000,88500000,521,387,234,88,33,73006623,1141104,4514123,14900000,322400,1200000,7620981615036255509,https://www.tiktok.com/@jungkook/video/7620981615036255509,#BTS #JungKook #JK #V #SWIM @Kimtaehyung ,243,302908225,25700,1246536,437000,2080000,6200000,22492000,48200000,181,138,92,42,0,16499441,85687,872341,2300000,7342,158200,7555028481403309325,https://www.tiktok.com/@junkyyj/video/7555028481403309325,asmr junk journal with me! late night Taco Bell 🤝 me  most GORGEOUS GREEN RING from @Abby.rose.designs check her out y’all her jewelry is insane and so well made #junkjournal #junkjournaling #asmr #scrapbooking #scrapboo,278,310080943,26550,1115399,356450,1860000,5945000,21652000,48200000,208,159,101,43,1,16823554,89635,879112,2300000,7342,158200,7555028481403309325,https://www.tiktok.com/@junkyyj/video/7555028481403309325,asmr junk journal with me! late night Taco Bell 🤝 me  most GORGEOUS GREEN RING from @Abby.rose.designs check her out y’all her jewelry is insane and so well made #junkjournal #junkjournaling #asmr #scrapbooking #scrapboo,434,447983288,13950,1032220,166775,1070000,2200000,12344000,88500000,313,228,133,45,32,56183069,1051469,3635011,14900000,322400,1200000,7620981615036255509,https://www.tiktok.com/@jungkook/video/7620981615036255509,#BTS #JungKook #JK #V #SWIM @Kimtaehyung ,0.3413,0.3904,0.6096,0.3996,0.409,0.591,high,high_20_40pct_reach,7.215872,top_20pct_reach,7.079254,top_20pct_reach,7.080439,True,1
13,中国木活字印刷术,Wooden movable-type printing of China,USL,传统手工艺,68,102,693,824,975576060,58050,1183952,381575,1970000,4470000,17339000,90100000,713,563,345,127,0,40666737,490460,3680290,3100000,44800,656300,7632096837394058516,https://www.tiktok.com/@engineezy/video/7632096837394058516,This machine can draw any shape ••• Every mechanism I've built so far can only draw one shape. So I built one that can draw all of them using a custom app I coded with @ChatGPT to create the cam profiles. Then I pushed i,65,116544338,8520,1792990,72200,1247080,9460000,38100000,47700000,44,31,14,7,0,3986116,35801,116666,3100000,28400,74300,7404039857405742344,https://www.tiktok.com/@xiedapao88/video/7404039857405742344,中国四大发明之一：活字印刷术。一起来感受中国传统文化的魅力！One of the four great inventions of China: movable type printing. Let's feel the charm of traditional Chinese culture!#活字印刷术 #中国传统文化 #中国非物质文化遗产 #传统文化 #中国传统文化 #传统手艺 #传统手工艺 #中国非物质 #传统艺人#传统手工艺人,162,163965620,19800,1012133,170250,1490000,3780000,20561000,47700000,119,88,52,19,0,6398935,75925,459040,3100000,28400,118400,7404039857405742344,https://www.tiktok.com/@xiedapao88/video/7404039857405742344,中国四大发明之一：活字印刷术。一起来感受中国传统文化的魅力！One of the four great inventions of China: movable type printing. Let's feel the charm of traditional Chinese culture!#活字印刷术 #中国传统文化 #中国非物质文化遗产 #传统文化 #中国传统文化 #传统手艺 #传统手工艺 #中国非物质 #传统艺人#传统手工艺人,662,811610440,68000,1225998,436950,2000000,4880000,17073000,90100000,594,475,293,108,0,34267802,414535,3221250,2600000,44800,656300,7632096837394058516,https://www.tiktok.com/@engineezy/video/7632096837394058516,This machine can draw any shape ••• Every mechanism I've built so far can only draw one shape. So I built one that can draw all of them using a custom app I coded with @ChatGPT to create the cam profiles. Then I pushed i,0.0789,0.1966,0.8034,0.1195,0.1681,0.8319,high,high_20_40pct_reach,7.318702,high_20_40pct_reach,6.918147,high_20_40pct_reach,6.885417,False,0
14,京剧,Peking opera,RL,表演艺术(戏曲),496,149,96,552,577344963,82650,1045915,521950,2190000,4245000,18288000,57700000,494,396,262,93,1,43818323,479370,3761969,5700000,85700,679400,7205388003118697770,https://www.tiktok.com/@musicwang136/video/7205388003118697770,#chinese #京剧 #foryou ,366,332608249,64700,908766,367800,1850000,3675000,17375000,57700000,326,260,160,55,0,25816870,241244,1379549,5700000,85700,603900,7205388003118697770,https://www.tiktok.com/@musicwang136/video/7205388003118697770,#chinese #京剧 #foryou ,465,387564578,61100,833472,364500,1800000,3560000,13040000,57700000,411,324,201,69,1,31289563,288919,1788999,5700000,85700,603900,7205388003118697770,https://www.tiktok.com/@musicwang136/video/7205388003118697770,#chinese #京剧 #foryou ,87,189780385,471700,2181384,1150000,4720000,10400000,26180000,36500000,83,72,61,24,0,12528760,190451,1972970,2300000,65700,679400,7644751621070540039,https://www.tiktok.com/@daniel.enrique.tello/video/7644751621070540039,#crobasias #chinas #operadepekin #muralla #talento,0.663,0.8424,0.1576,0.5761,0.6713,0.3287,medium,high_20_40pct_reach,7.18049,top_20pct_reach,7.053434,top_20pct_reach,7.081698,True,1
15,中医针灸,Acupuncture and moxibustion of traditional Chinese medicine,RL,传统医药,384,36,109,494,711227523,62400,1439732,685400,2700000,5470000,21810000,145100000,426,330,229,101,0,40241845,287591,6029577,5400000,77600,2000000,7520493733565992206,https://www.tiktok.com/@thecupdoc/video/7520493733565992206,Wet cupping promotes tissue recovery by decompressing tight areas and drawing out trapped waste from under the skin. Studies have shown that cupping: •	Improves microcirculation and local blood flow •	Reduces inflammatio,368,329199475,31350,894564,424300,1830000,4160000,14326000,34700000,312,230,148,62,0,23146651,137864,1482138,3900000,25500,144400,7311475414835170592,https://www.tiktok.com/@ritakharita/video/7311475414835170592,"The World Health Organisation officially approved acupuncture and now recommends it for over 100 conditions including depression, anxiety and apathy. It was tough at the beginning, but you get used to it and it feels rea",390,366516261,32550,939785,423800,2010000,5020000,15355000,34700000,331,247,160,67,0,24343693,153181,1874792,3900000,25500,317900,7311475414835170592,https://www.tiktok.com/@ritakharita/video/7311475414835170592,"The World Health Organisation officially approved acupuncture and now recommends it for over 100 conditions including depression, anxiety and apathy. It was tough at the beginning, but you get used to it and it feels rea",104,344711262,351950,3314531,1450000,5110000,10745000,30718000,145100000,95,83,69,34,0,15898152,134410,4154785,5400000,77600,2000000,7520493733565992206,https://www.tiktok.com/@thecupdoc/video/7520493733565992206,Wet cupping promotes tissue recovery by decompressing tight areas and drawing out trapped waste from under the skin. Studies have shown that cupping: •	Improves microcirculation and local blood flow •	Reduces inflammatio,0.7449,0.7895,0.2105,0.4629,0.5153,0.4847,medium,top_20pct_reach,7.325005,top_20pct_reach,7.023178,high_20_40pct_reach,7.071427,False,0
16,黎族传统纺染织绣技艺,"Traditional Li textile techniques: spinning, dyeing, weaving and embroidering",USL,传统手工艺,84,140,798,971,431336490,18300,444219,137400,682500,1750000,6420000,53800000,733,545,290,76,23,22781098,204783,1314132,2400000,16000,128000,7631450622050454792,https://www.tiktok.com/@huatieutieu/video/7631450622050454792,"Dệt tằm và thêu tranh, Nghề cổ truyền dân gian #huatieutieu #viraltiktok #xuhuong #viral ",82,17747302,813,216431,17800,344070,1261280,4347000,5400000,37,23,15,5,0,438080,1875,7078,139400,760,3229,7409140339413470495,https://www.tiktok.com/@littleturtlelisa/video/7409140339413470495,Li Brocade Show#hainan #littleturtlelisa #tourofhainan #cycling #cycle ,203,48765029,9208,240222,83750,489260,1270000,4394000,5400000,139,99,48,12,0,1980953,33087,97478,527100,5058,35200,7409140339413470495,https://www.tiktok.com/@littleturtlelisa/video/7409140339413470495,Li Brocade Show#hainan #littleturtlelisa #tourofhainan #cycling #cycle ,768,382571461,22350,498140,150525,718800,1930000,8356000,53800000,594,446,242,64,23,20800145,171696,1216654,2400000,16000,128000,7631450622050454792,https://www.tiktok.com/@huatieutieu/video/7631450622050454792,"Dệt tằm và thêu tranh, Nghề cổ truyền dân gian #huatieutieu #viraltiktok #xuhuong #viral ",0.0844,0.2091,0.7909,0.0411,0.1131,0.8869,high,middle_40_70pct_reach,6.999795,middle_40_70pct_reach,6.139371,lower_70_90pct_reach,6.342668,False,0
17,中国木拱桥传统营造技艺,Traditional design and practices for building Chinese wooden arch bridges,USL,传统手工艺/建筑,193,27,444,655,159734941,4529,243870,58350,424640,949690,3784000,26300000,445,268,132,31,27,11817946,93781,494398,2500000,8670,35100,7642174414309575957,https://www.tiktok.com/@indra.dahal24/video/7642174414309575957,"mini  bridge construction using by mini bricks,cement and wood##miniature #smallcreator #highbridge #construction",191,7005393,1856,36677,9930,82100,179900,496100,1400000,110,48,17,2,2,390329,8590,27924,125200,1212,10500,7257632753879895339,https://www.tiktok.com/@thomasmiller2334/video/7257632753879895339,The Old Covered Bridge,216,7860753,1843,36392,11050,82900,177800,427365,1400000,124,57,20,2,7,413495,9793,29932,125200,1212,10500,7257632753879895339,https://www.tiktok.com/@thomasmiller2334/video/7257632753879895339,The Old Covered Bridge,439,151874188,8729,345955,117500,684660,1610000,4996000,26300000,321,211,112,29,20,11404451,83988,464466,2500000,8670,35100,7642174414309575957,https://www.tiktok.com/@indra.dahal24/video/7642174414309575957,"mini  bridge construction using by mini bricks,cement and wood##miniature #smallcreator #highbridge #construction",0.2916,0.3298,0.6702,0.0439,0.0492,0.9508,high,bottom_10pct_reach,6.65972,lower_70_90pct_reach,5.589916,bottom_10pct_reach,5.612337,True,1
18,羌年,Qiang New Year festival,USL,节庆民俗,104,130,425,645,790005118,83700,1224814,554000,2400000,4380000,26692000,48600000,532,454,307,122,2,64674270,617919,5616398,6000000,50100,663800,7566468066406567181,https://www.tiktok.com/@poopthien/video/7566468066406567181,#asian #viet #08 #baby #babyfever part 146,104,38667397,19900,371802,125425,831350,1585000,6743000,8600000,72,58,28,10,0,1914750,22462,252031,661200,5888,126600,7595297313250135304,https://www.tiktok.com/@qiangchinatravel/video/7595297313250135304,Nhà của Dai Dai đón khách nhiều tới nỗi bố mẹ không muốn ra khỏi phòng nữa vì quá mệt . ăn tết có 2 ngày giờ thành 4 ngày còn chưa hết người #qiangchina #chinatravel #tourchina #daidaitrungquoc #呆呆 ,230,169536309,45400,737114,316150,1600000,3075000,8078000,35700000,181,156,86,31,0,9991300,132454,749073,2900000,46300,169100,7064084394142715163,https://www.tiktok.com/@winmg868/video/7064084394142715163,#去年的烦恼和姑娘#今年的姑娘更漂亮 #热门助手 #tiktok #啊～啊～啊～～,415,620468809,108800,1495106,804100,2600000,4730000,27258000,48600000,351,298,221,91,2,54682970,485465,4867325,6000000,50100,663800,7566468066406567181,https://www.tiktok.com/@poopthien/video/7566468066406567181,#asian #viet #08 #baby #babyfever part 146,0.1612,0.3566,0.6434,0.0489,0.2146,0.7854,high,high_20_40pct_reach,7.224869,middle_40_70pct_reach,6.358721,high_20_40pct_reach,6.855473,True,-1
19,侗族大歌,Grand song of the Dong ethnic group,RL,表演艺术(音乐),66,50,462,572,303528771,11100,530645,162275,665820,1690000,5287000,97600000,422,290,170,44,2,26342233,273706,4038661,8800000,93900,2800000,7545888844516822294,https://www.tiktok.com/@germangents/video/7545888844516822294,Dame Un Grrr😏💅 #dameungrrr #suits #cringe #acappella #germangents,62,298248,500,4810,1509,14651,30610,52636,72400,18,7,0,0,2,12825,315,402,5038,52,121,7267009498705972523,https://www.tiktok.com/@candiselin86/video/7267009498705972523,#china #chinese #sportsontiktok #tiktokpartner #football #soccer #village #miao #ethnicminority #苗族 #侗族 #足球 #中国人 #footballgame   ,112,9641723,904,86087,28450,104630,289240,886546,4400000,53,36,14,1,2,775428,12059,53598,527100,3640,35200,7626972893062171924,https://www.tiktok.com/@for.chaney.linqiunan/video/7626972893062171924,"Lin Qiunan (林秋楠) is a Chinese actor and martial arts (taekwondo) practitioner who became well known as a child prodigy in action sports and entertainment. He was born on May 20, 2004, in Ningbo, Zhejiang, China. From a v",460,293887048,20850,638885,210925,809240,2300000,6033000,97600000,369,254,156,43,0,25566805,261647,3985063,8800000,93900,2800000,7545888844516822294,https://www.tiktok.com/@germangents/video/7545888844516822294,Dame Un Grrr😏💅 #dameungrrr #suits #cringe #acappella #germangents,0.1084,0.1958,0.8042,0.001,0.0318,0.9682,high,lower_70_90pct_reach,6.96972,bottom_10pct_reach,4.458109,bottom_10pct_reach,5.802195,True,-1
20,西安鼓乐,Xi'an wind and percussion ensemble,RL,表演艺术(音乐),58,80,596,725,1235847410,45300,1704617,829400,4360000,8480000,27436000,67200000,568,457,319,167,10,124707691,887475,6742101,4900000,48400,317900,7397040267813080336,https://www.tiktok.com/@thedrumpath/video/7397040267813080336,Beggin’ - Måneskin #tiktok #tiktokviral #viral #tiktokviralvideo #viraltiktok #drums #drummer #drumcover #music #songs ,55,25052555,27800,455501,110900,1320000,3510000,5028000,6000000,44,36,14,7,0,1673157,15677,147958,604700,6479,92500,7434569668196601144,https://www.tiktok.com/@infinity_drum/video/7434569668196601144,Playing aria math from minecraft on the infinity drum again! Infinity Drum C Aegean . . . . . #minecraft #minecraftmusic #ariamath #soundtracks #soundtrack #minecraftmemes #minecraftfanart #infinitydrum #steeltonguedrum ,134,47693121,23950,355919,146575,607820,1540000,5406000,10800000,100,76,39,10,0,2673030,37591,535709,604700,9681,317900,7635089409666256146,https://www.tiktok.com/@kungfuteam/video/7635089409666256146,陕西牛人，力挺千金！用中国非遗强身功，练筋、练骨、练气、练胆。这是男人的底层力量。这是东方的硬核。这是——年龄压不垮的身体。#西安绝活大队#高手在民间#原创#洗水工洗髓功,591,1188154289,65400,2010413,1200000,5300000,10650000,28360000,67200000,468,381,280,157,10,122034661,849884,6206392,4900000,48400,313300,7397040267813080336,https://www.tiktok.com/@thedrumpath/video/7397040267813080336,Beggin’ - Måneskin #tiktok #tiktokviral #viral #tiktokviralvideo #viraltiktok #drums #drummer #drumcover #music #songs ,0.0759,0.1848,0.8152,0.0203,0.0386,0.9614,high,top_20pct_reach,7.423115,middle_40_70pct_reach,6.353695,middle_40_70pct_reach,6.419983,True,-2
21,中国蚕桑丝织技艺,Sericulture and silk craftsmanship of China,RL,传统手工艺,187,197,746,1045,799875619,9472,765431,126300,840240,2860000,15668000,57100000,736,516,279,90,0,40629666,217719,1700955,3700000,17700,253500,7629739373419957524,https://www.tiktok.com/@art_dailydose/video/7629739373419957524,"Wei Silk Art – Wei Weaving is a Chinese artist who creates intricate sculptures using only wire. In this piece, she shapes and twists fine strands into a detailed tree, building the trunk, branches and flow entirely by h",176,53694741,822,305084,9032,142650,428025,5625000,29300000,73,44,19,4,0,2971042,18873,119005,2200000,13500,85300,7285420837681892639,https://www.tiktok.com/@peter.pan810/video/7285420837681892639,"5000 years ago, the Chinese learned to make quilts from the silk of the silkworm, which are breathable, light, and cozy.#culture #handcraft #handwork #fyp #foryou #ancient #china #chineseculture ",349,210237061,1663,602398,33400,383780,1780000,10964000,57100000,189,123,60,21,0,10202925,50246,354396,2200000,13500,85300,7629739373419957524,https://www.tiktok.com/@art_dailydose/video/7629739373419957524,"Wei Silk Art – Wei Weaving is a Chinese artist who creates intricate sculptures using only wire. In this piece, she shapes and twists fine strands into a detailed tree, building the trunk, branches and flow entirely by h",697,590938558,17600,847832,188400,974860,3120000,15828000,56600000,548,394,220,70,0,30574741,167616,1346642,3700000,17700,253500,7446553422301629742,https://www.tiktok.com/@lovemysilk/video/7446553422301629742,Swap your milk for Silk Almondmilk® and #FeelPlantyGood,0.1684,0.334,0.667,0.0671,0.2628,0.7388,high,high_20_40pct_reach,7.171829,middle_40_70pct_reach,6.299967,high_20_40pct_reach,6.830456,True,-1
22,南音,Nanyin,RL,表演艺术(音乐),143,63,599,773,375385895,23700,485622,166000,899020,2100000,9980000,19300000,617,450,242,68,0,19912134,208983,1101119,1800000,12900,169200,7152877072203975962,https://www.tiktok.com/@fujian1060/video/7152877072203975962,#fujian #meyden #masukberandafyp #fypシ ,132,18814705,6749,142536,65800,648890,826345,1200000,2100000,99,59,27,5,0,1118739,26679,42811,251100,9282,10400,7532483006053829910,https://www.tiktok.com/@levixoneoffical1/video/7532483006053829910,Nanyini fuujo @Desire ,192,21511718,6154,112040,62325,323080,697875,1200000,2100000,142,85,35,5,0,1215594,29584,59643,251100,9282,10800,7532483006053829910,https://www.tiktok.com/@levixoneoffical1/video/7532483006053829910,Nanyini fuujo @Desire ,581,353874177,33200,609078,231700,1200000,3100000,11120000,19300000,475,365,207,63,0,18696540,179399,1041476,1800000,12900,169200,7152877072203975962,https://www.tiktok.com/@fujian1060/video/7152877072203975962,#fujian #meyden #masukberandafyp #fypシ ,0.1708,0.2484,0.7516,0.0501,0.0573,0.9427,high,lower_70_90pct_reach,6.909516,middle_40_70pct_reach,6.02624,lower_70_90pct_reach,6.031833,True,1
23,南京云锦织造技艺,Craftsmanship of Nanjing Yunjin brocade,RL,传统手工艺,216,89,343,630,463757624,32200,736123,272625,975520,2855000,10600000,106000000,492,382,225,63,0,50010278,325761,2020174,10400000,81600,479100,7227057440968183042,https://www.tiktok.com/@destinationexplore/video/7227057440968183042,"Wow, so beautiful.❤️✨   📍Nanjing| Nanjing Zhongshan  #naturesms",207,101751989,77100,491556,357950,1100000,2220000,5676000,13000000,173,138,98,26,0,16390314,96237,808178,1400000,26500,97800,7632561832489733384,https://www.tiktok.com/@le_sserafim/video/7632561832489733384,𝒯𝒾𝓂ℯ 𝓉ℴ 𝒸ℯ𝓁ℯ𝒷𝓇𝒶𝓉ℯ #HUHYUNJIN ✮  #CELEBRATION ,290,123755870,38750,426744,308900,950660,1700000,5810000,13000000,234,185,118,28,0,17666521,110605,862321,1400000,26500,97800,7632561832489733384,https://www.tiktok.com/@le_sserafim/video/7632561832489733384,𝒯𝒾𝓂ℯ 𝓉ℴ 𝒸ℯ𝓁ℯ𝒷𝓇𝒶𝓉ℯ #HUHYUNJIN ✮  #CELEBRATION ,340,340001754,23300,1000005,203275,1010000,3110000,12766000,106000000,258,197,107,35,0,32343757,215156,1157853,10400000,81600,479100,7227057440968183042,https://www.tiktok.com/@destinationexplore/video/7227057440968183042,"Wow, so beautiful.❤️✨   📍Nanjing| Nanjing Zhongshan  #naturesms",0.3286,0.4603,0.5397,0.2194,0.2669,0.7331,high,middle_40_70pct_reach,7.133136,high_20_40pct_reach,6.646216,middle_40_70pct_reach,6.643399,True,1
24,宣纸传统制作技艺,Traditional handicrafts of making Xuan paper,RL,传统手工艺,259,161,288,695,1061958793,88900,1527998,828500,3860000,8110000,26084000,53000000,597,475,340,158,0,78501331,405554,2321956,5100000,24600,99200,7130057943722003758,https://www.tiktok.com/@meet_east/video/7130057943722003758,Ancient papermaking #handwork,253,282772611,47400,1117678,751100,3200000,5640000,14996000,28200000,204,161,112,55,0,17159610,75841,1091647,2000000,10500,99200,7416496883885018398,https://www.tiktok.com/@davdlifts/video/7416496883885018398,How to make giant cheesy ricecakes with ricepaper #jenniferngo #davidngo #mukbang #buldakramen #ricecakes #buldak ,410,721844895,71800,1760597,1000000,5420000,9355000,26716000,53000000,351,279,197,108,0,57782470,247343,1545758,5100000,24600,99200,7130057943722003758,https://www.tiktok.com/@meet_east/video/7130057943722003758,Ancient papermaking #handwork,286,345813898,101700,1209140,596725,2750000,5375000,19030000,38000000,247,197,144,51,0,20759861,158699,777001,2900000,20500,78400,7321072687260962091,https://www.tiktok.com/@trendygabriel/video/7321072687260962091,Replying to @ムズキフ he knows how to make that paper💰 #wow #howitsmade ,0.364,0.5899,0.4115,0.2663,0.6797,0.3256,medium,top_20pct_reach,7.375426,top_20pct_reach,7.016308,top_20pct_reach,7.314842,False,0
25,粤剧,Yueju opera,RL,表演艺术(戏曲),159,120,291,457,295526017,27000,646665,237100,1100000,2800000,9280000,57700000,366,274,156,53,0,24242385,236165,1835259,5700000,85700,603900,7205388003118697770,https://www.tiktok.com/@musicwang136/video/7205388003118697770,#chinese #京剧 #foryou ,113,13055989,2172,115540,31700,129140,626800,1345928,5200000,66,38,14,2,0,769791,7880,71066,321900,1409,19000,7549503001975704854,https://www.tiktok.com/@clou11103/video/7549503001975704854,The prelude is sampled from the Cantonese opera Princess Changping (Di Nü Hua).🫶 #kelou #clou #大展鸿图 #skaiisyourgod #vienna ,208,121734224,8484,585261,128425,877550,2265000,4765000,57700000,148,101,56,17,0,11431590,128548,951266,5700000,85700,603900,7205388003118697770,https://www.tiktok.com/@musicwang136/video/7205388003118697770,#chinese #京剧 #foryou ,249,173791793,48800,697959,262500,1400000,3280000,11284000,27700000,218,173,100,36,0,12810795,107617,883993,1700000,20600,279000,7159021562836913454,https://www.tiktok.com/@maisieding6688/video/7159021562836913454,Emergency change makeup #fy #fyp #foryou #foryoupage #opera #pekingopera #china #chineseculture ,0.2473,0.4551,0.5449,0.0442,0.4119,0.5881,high,middle_40_70pct_reach,6.993039,lower_70_90pct_reach,5.980339,middle_40_70pct_reach,6.781991,True,-1
26,格萨(斯)尔史诗传统,Gesar epic tradition,RL,口头传统/史诗,81,182,412,657,663013279,49100,1009153,646800,2440000,4900000,16088000,48000000,565,427,270,129,0,59230025,369754,4604630,4700000,19900,1200000,6987630425363565850,https://www.tiktok.com/@nksomin/video/6987630425363565850,Venom epic moment 😎 #fyp #Venom2018 #Marvel,79,3511908,3568,44455,17300,84080,204080,586584,646800,64,24,5,0,0,262212,6548,49429,114100,1335,13900,7468004942196837654,https://www.tiktok.com/@ef_gesarhede/video/7468004942196837654,Natürlich wollen wir draußen arbeiten🤓 #schule #Ak25 #rhede #fyp #gesarhede #fraudiekmann ,257,494230558,160800,1923076,1600000,4720000,7620000,27908000,48000000,218,161,131,94,0,47040767,245468,2539591,4700000,15100,513500,6987630425363565850,https://www.tiktok.com/@nksomin/video/6987630425363565850,Venom epic moment 😎 #fyp #Venom2018 #Marvel,400,168782721,42700,421957,189450,868300,2005000,7412000,12300000,347,266,139,35,0,12189258,124286,2065039,1500000,19900,1200000,7603811260664188174,https://www.tiktok.com/@apnews/video/7603811260664188174,"The Israeli army struck a building in Gaza City on Friday after issuing a warning. The place located near a cemetery in Zeitoun, was flattened by the strike caught on video. No victims were reported as the place was prev",0.1202,0.3912,0.6088,0.0053,0.7454,0.2546,high,high_20_40pct_reach,7.208647,lower_70_90pct_reach,5.38934,top_20pct_reach,7.199865,True,-2
27,龙泉青瓷传统烧制技艺,Traditional firing technology of Longquan celadon,RL,传统手工艺,302,60,310,636,392626319,9834,617337,138725,760400,2725000,15440000,46100000,469,316,172,55,0,27048350,192417,1688593,3800000,22100,381200,7569629481434975502,https://www.tiktok.com/@shanbai09/video/7569629481434975502,"龙泉青瓷 Longquan Celadon | Originated in the Five Dynasties, flourished in the Song Dynasty, crafted in Longquan (Zhejiang) with its iconic celadon glaze, a treasure of Chinese porcelain. #traditional #handmade #chinesecraf",282,168495917,3877,597503,49250,324240,1695000,17509000,46100000,193,114,49,18,0,12450324,68284,610241,3800000,22100,194000,7569629481434975502,https://www.tiktok.com/@shanbai09/video/7569629481434975502,"龙泉青瓷 Longquan Celadon | Originated in the Five Dynasties, flourished in the Song Dynasty, crafted in Longquan (Zhejiang) with its iconic celadon glaze, a treasure of Chinese porcelain. #traditional #handmade #chinesecraf",335,194441068,5381,580421,68000,538260,2260000,16858000,46100000,231,144,70,26,0,13843434,78454,684613,3800000,22100,194000,7569629481434975502,https://www.tiktok.com/@shanbai09/video/7569629481434975502,"龙泉青瓷 Longquan Celadon | Originated in the Five Dynasties, flourished in the Song Dynasty, crafted in Longquan (Zhejiang) with its iconic celadon glaze, a treasure of Chinese porcelain. #traditional #handmade #chinesecraf",301,198185251,16500,658423,228700,957600,2900000,12400000,32100000,238,172,102,29,0,13204916,113963,1003980,1300000,12500,381200,7570735562601139511,https://www.tiktok.com/@aokifengchun/video/7570735562601139511,#handwork #handmade #learnontiktok #foryourpage ,0.4434,0.5267,0.4733,0.4292,0.4952,0.5048,high,middle_40_70pct_reach,7.016816,high_20_40pct_reach,6.762153,high_20_40pct_reach,6.84288,True,1
28,热贡艺术,Regong arts,RL,传统手工艺/宗教艺术,240,48,431,703,373763169,16500,531669,153150,629720,1300000,5588000,119400000,534,391,208,50,0,15949305,180411,3262103,1500000,14500,1200000,7589872995724774670,https://www.tiktok.com/@rehome.life/video/7589872995724774670,"Source factory direct supply, factory craftsmanship, SPC flooring real material.#OEM#EasyInstall #factory#flooring#spc flooring",236,6899451,1029,29235,10300,43700,106025,471230,1800000,119,60,13,1,0,362253,13538,25188,68000,3305,9117,7433817087862164743,https://www.tiktok.com/@kobitaraniroy4/video/7433817087862164743,#唐卡 #佛教 #佛教文化 ,277,12588513,1595,45446,20300,101020,223380,630236,1800000,155,89,28,2,0,635388,18024,39379,102400,3305,9117,7433817087862164743,https://www.tiktok.com/@kobitaraniroy4/video/7433817087862164743,#唐卡 #佛教 #佛教文化 ,426,361174656,58950,847828,358400,1100000,2250000,8325000,119400000,379,302,180,48,0,15313917,162387,3222724,1500000,14500,1200000,7589872995724774670,https://www.tiktok.com/@rehome.life/video/7589872995724774670,"Source factory direct supply, factory craftsmanship, SPC flooring real material.#OEM#EasyInstall #factory#flooring#spc flooring",0.3357,0.394,0.606,0.0185,0.0337,0.9663,high,middle_40_70pct_reach,6.987705,lower_70_90pct_reach,5.518147,bottom_10pct_reach,5.754452,True,-1
29,藏戏,Xizang opera,RL,表演艺术(戏曲),167,101,394,651,426305888,14600,654848,216300,1100000,3200000,13600000,29500000,496,354,216,70,0,27466677,275958,2347775,2800000,33800,581500,7618553054584917261,https://www.tiktok.com/@laranaa8/video/7618553054584917261,,162,3523970,1983,21753,9109,35260,80825,398587,906900,94,36,5,0,0,165196,2586,6504,37600,259,1754,7581817395174477074,https://www.tiktok.com/@kairareo/video/7581817395174477074,A Live Stream That Ended in Horror: The Lhamo Case. #creatorsearchinsights #foryoupage #fyp #foryou #truestory ,258,82979721,2360,321627,23850,253340,1038285,4300000,28200000,158,84,38,13,0,6684609,66325,402617,1900000,23600,91900,7496793604933946679,https://www.tiktok.com/@pizza.55555/video/7496793604933946679,冰淇淋 #披薩的辣 #川渝女生 #抖音 #情侣 ,393,343326167,60800,873603,396000,1480000,4920000,14484000,29500000,338,270,178,57,0,20782068,209633,1945158,2800000,33800,581500,7618553054584917261,https://www.tiktok.com/@laranaa8/video/7618553054584917261,,0.2488,0.3963,0.6037,0.0083,0.1946,0.8054,high,middle_40_70pct_reach,7.024815,bottom_10pct_reach,5.278431,middle_40_70pct_reach,6.526507,True,-2
30,玛纳斯,Manas,RL,口头传统/史诗,90,82,254,425,421670719,78300,992166,431400,2500000,4360000,17508000,27500000,373,313,199,76,0,37633962,344256,3586563,4100000,51300,491400,7538107186161995038,https://www.tiktok.com/@michaelcj.official/video/7538107186161995038,When Cai Jun Dances Like MJ – Coolness Defined in Every Glide#caijun #michaeljacksoncaijun#michael #mj #dance #moonwalk #theydontcareaboutus ,89,101345094,24800,1138709,382200,3340000,4940000,11852000,24700000,67,48,33,20,0,10072159,56823,815400,2800000,14800,424400,7604472694184185102,https://www.tiktok.com/@manaspalaparti/video/7604472694184185102,"please ignore the ugly grandma bun        ok so quick update lol, my main talking point in this was my dress, not my terrible hair or my lack of makeup. this was filmed close to 3:21 AM after the event was over—so natura",171,121859851,47300,712631,279350,1500000,4050000,9750000,24700000,141,112,64,26,0,12188111,79168,1053663,2800000,14800,424400,7604472694184185102,https://www.tiktok.com/@manaspalaparti/video/7604472694184185102,"please ignore the ugly grandma bun        ok so quick update lol, my main talking point in this was my dress, not my terrible hair or my lack of makeup. this was filmed close to 3:21 AM after the event was over—so natura",254,299810868,127100,1180358,568950,2670000,4610000,20509000,27500000,232,201,135,50,0,25445851,265088,2532900,4100000,51300,491400,7538107186161995038,https://www.tiktok.com/@michaelcj.official/video/7538107186161995038,When Cai Jun Dances Like MJ – Coolness Defined in Every Glide#caijun #michaeljacksoncaijun#michael #mj #dance #moonwalk #theydontcareaboutus ,0.2094,0.4024,0.5976,0.2403,0.289,0.711,high,middle_40_70pct_reach,7.060531,high_20_40pct_reach,6.776523,middle_40_70pct_reach,6.802491,True,1
31,蒙古族呼麦,"Mongolian art of singing, Khoomei",RL,表演艺术(音乐),167,141,383,668,1042441489,97950,1560541,764125,3700000,6900000,27329000,81000000,582,473,332,145,0,97404604,783522,12777786,5100000,35800,1200000,7544518597226401037,https://www.tiktok.com/@erklen/video/7544518597226401037,throat singing chicken 2  #throatsinging #throatsing #mongolianthroatsinging #erklen #berkleecollegeofmusic ,163,257066425,63200,1577095,695250,3940000,9350000,26216000,28800000,142,110,78,31,0,29457079,219425,4557992,3300000,33300,1200000,7618062452944669982,https://www.tiktok.com/@lol_ha61/video/7618062452944669982,😂😂😂#chinesethroatsinging #funny ,297,657375344,128900,2213385,986400,4940000,10720000,29088000,81000000,268,214,156,74,0,57599721,445640,7362724,3500000,33300,1200000,7544518597226401037,https://www.tiktok.com/@erklen/video/7544518597226401037,throat singing chicken 2  #throatsinging #throatsing #mongolianthroatsinging #erklen #berkleecollegeofmusic ,378,398989873,68450,1055529,640125,2430000,4775000,17013000,48400000,321,265,180,73,0,40655142,343742,5532340,5100000,35800,1000000,7641989538625244423,https://www.tiktok.com/@mochalatteeeee_j/video/7641989538625244423,"belated and advance happy bday to us, my homies!🥳 #fyp #birthday #friends ",0.244,0.4446,0.5659,0.2466,0.6306,0.3827,medium,top_20pct_reach,7.383857,top_20pct_reach,7.064941,top_20pct_reach,7.34809,False,0
32,花儿,Hua'er,RL,表演艺术(民歌),56,35,371,462,326138698,16950,705928,260450,1480000,3485000,12412000,20700000,356,260,163,60,1,30950327,293766,3555082,3000000,81600,1100000,7587698504424852749,https://www.tiktok.com/@bob485518/video/7587698504424852749,what did i do to bro 😭,56,381267,383,6808,1094,7726,11422,136995,243200,16,3,1,0,0,6078,381,1049,1385,112,307,7648814634497051922,https://www.tiktok.com/@new.farmer.amin5/video/7648814634497051922,外出旅游再也不用担心花儿没水浇花，手机远程控制一样轻松浇花，No more worrying about watering your flowers while traveling; you can easily water them remotely with your phone.#Automatic watering#الري التلقائي#رأس الرش,91,22539910,1049,247691,17650,366300,1100000,3890000,11000000,47,25,13,6,0,1816982,10695,78907,901400,4891,25400,7601485781860977940,https://www.tiktok.com/@sweendyran/video/7601485781860977940,今めっちゃバズってる中国の歌を歌ってみたよん〜🇨🇳 🎤(ピンインと日本語訳付き) 結構特徴的な歌い方でお気に入りです！♡ #弥渡山歌 #miduechoing #chinatrend  #らんらん #歌ってみた ,371,303598788,39700,818326,375200,1900000,4450000,14100000,20700000,309,235,150,54,1,29133345,283071,3476175,3000000,81600,1100000,7587698504424852749,https://www.tiktok.com/@bob485518/video/7587698504424852749,what did i do to bro 😭,0.1212,0.197,0.803,0.0012,0.0691,0.9309,high,lower_70_90pct_reach,6.95414,bottom_10pct_reach,4.48095,lower_70_90pct_reach,6.210912,True,-1
33,中国朝鲜族农乐舞,Farmers' dance of China's Korean ethnic group,RL,表演艺术(舞蹈),88,64,529,679,314728435,27700,463518,145800,655540,1800000,5500000,64800000,557,410,204,49,0,28026687,416365,6227638,7700000,135700,3500000,7625496809963621654,https://www.tiktok.com/@shunlinainai2/video/7625496809963621654,#过上了好日子红红火火 #过上了好日子 #农村人的快乐生活 #农村人爱唱歌 ,88,6060528,14150,68870,49000,94330,189790,922368,2100000,68,48,8,1,0,390412,4407,8594,130700,701,2244,7534687344331410694,https://www.tiktok.com/@ibanathimpungose/video/7534687344331410694,Imagine at the age of 9 sewukwazi ukutshela your producer @Andile Didablk Sibiya ukuthi ufuna ihambe kanjani icover version 😂😂😂ikuphi okuthandayo nongakuthandi😂😂😂 yeyi ukhona we Ibanathi Mpungose😂😂😂,150,17548806,16850,116992,73875,194220,499465,2304000,2900000,122,88,26,4,0,1434248,15104,71236,584000,3486,36200,7626023699652545813,https://www.tiktok.com/@china.boys3/video/7626023699652545813,西部牛与仔 #hittheroadjack #爵士乐 #hittheroadjack舞蹈挑战 #抖音潮流舞蹈大赛 ,529,297179629,32900,561776,213500,821180,2000000,6364000,64800000,435,322,178,45,0,26592439,401261,6156402,7700000,135700,3500000,7625496809963621654,https://www.tiktok.com/@shunlinainai2/video/7625496809963621654,#过上了好日子红红火火 #过上了好日子 #农村人的快乐生活 #农村人爱唱歌 ,0.1296,0.2209,0.7791,0.0193,0.0558,0.9442,high,lower_70_90pct_reach,6.957113,lower_70_90pct_reach,5.581143,lower_70_90pct_reach,5.96558,False,0
34,中国书法,Chinese calligraphy,RL,传统手工艺/视觉艺术,408,68,228,689,1134619032,81200,1646762,832400,3500000,8600000,27768000,67300000,613,483,327,152,0,56533530,568497,4448986,2800000,37500,391200,7542145372022410504,https://www.tiktok.com/@wk_writer__2/video/7542145372022410504,best handwriting in the world 💕💫😇 #handwriting #trending #calligraphy #viral #foryou ,402,842210064,70050,2095050,842675,4580000,11285000,38058000,67300000,352,276,183,90,0,39437765,400587,2426406,2800000,32800,344300,7542145372022410504,https://www.tiktok.com/@wk_writer__2/video/7542145372022410504,best handwriting in the world 💕💫😇 #handwriting #trending #calligraphy #viral #foryou ,461,891454848,69400,1933742,837200,3900000,10000000,35580000,67300000,405,321,207,102,0,42185832,425743,2588081,2800000,32800,344300,7542145372022410504,https://www.tiktok.com/@wk_writer__2/video/7542145372022410504,best handwriting in the world 💕💫😇 #handwriting #trending #calligraphy #viral #foryou ,228,243164184,126600,1066510,776025,2760000,4965000,13368000,19700000,208,162,120,50,0,14347698,142754,1860905,1600000,37500,391200,7590099046388321549,https://www.tiktok.com/@dailychallenge0/video/7590099046388321549,funny challenge game #funny #challenge #game ,0.5835,0.6691,0.3309,0.7423,0.7857,0.2143,low,top_20pct_reach,7.413462,top_20pct_reach,7.384358,top_20pct_reach,7.379944,False,0
35,中国篆刻,Art of Chinese seal engraving,RL,传统手工艺,347,32,345,669,956427162,9907,1429637,158900,1700000,5760000,27824000,156700000,481,334,197,93,0,75710487,418107,13159700,21800000,109500,6100000,7584755757833325879,https://www.tiktok.com/@seal_sealion/video/7584755757833325879,#seal #sealion #fyp ,323,85411812,1159,264433,12050,126680,821180,5146000,35600000,170,87,34,14,0,1629702,10846,32888,416800,1366,9256,7022520943431929089,https://www.tiktok.com/@sendeculture/video/7022520943431929089,"Chinese seal carving: an art that has been handed down for over 3,000 years, combining calligraphy and engraving.#sealcarving #engraving#china",343,133302791,1337,388638,14100,228560,1200000,6332000,35600000,185,99,44,21,0,3480503,30376,111351,1100000,8382,46800,7022520943431929089,https://www.tiktok.com/@sendeculture/video/7022520943431929089,"Chinese seal carving: an art that has been handed down for over 3,000 years, combining calligraphy and engraving.#sealcarving #engraving#china",326,823124371,75350,2524921,743075,5200000,12375000,41750000,156700000,296,235,153,72,0,72229984,387731,13048349,21800000,109500,6100000,7584755757833325879,https://www.tiktok.com/@seal_sealion/video/7584755757833325879,#seal #sealion #fyp ,0.4828,0.5127,0.4873,0.0893,0.1394,0.8606,high,top_20pct_reach,7.378056,middle_40_70pct_reach,6.510782,middle_40_70pct_reach,6.647019,True,-2
36,中国剪纸,Chinese paper-cut,RL,传统手工艺,325,180,198,622,706737979,35250,1136235,474725,2490000,6980000,21388000,36500000,492,370,252,112,1,44017504,400599,2545700,5000000,39100,150900,6943714855299943685,https://www.tiktok.com/@onlyjayus/video/6943714855299943685,Life Advice with Jayus 🤓🐝 #fyp #lifeadvice #advice #lifehacks #hacks #protip #tips #onlyjayus #bees #papercut #hiccups #gay #onlyjayus,300,205339021,6480,684463,116050,863410,3210000,13009000,36500000,213,136,78,29,1,17751403,181146,531823,5000000,39100,69100,6943714855299943685,https://www.tiktok.com/@onlyjayus/video/6943714855299943685,Life Advice with Jayus 🤓🐝 #fyp #lifeadvice #advice #lifehacks #hacks #protip #tips #onlyjayus #bees #papercut #hiccups #gay #onlyjayus,437,399890083,14500,915080,325000,2140000,5040000,12352000,36500000,327,228,156,69,1,32711564,276684,1360893,5000000,39100,86500,6943714855299943685,https://www.tiktok.com/@onlyjayus/video/6943714855299943685,Life Advice with Jayus 🤓🐝 #fyp #lifeadvice #advice #lifehacks #hacks #protip #tips #onlyjayus #bees #papercut #hiccups #gay #onlyjayus,185,306847896,107300,1658637,891300,2960000,11260000,24740000,30400000,165,142,96,43,0,11305940,123915,1184807,1200000,20500,150900,7479295047393971487,https://www.tiktok.com/@_vector_/video/7479295047393971487,How to make a spider snowflake,0.4823,0.7026,0.2974,0.2905,0.5658,0.4342,medium,high_20_40pct_reach,7.24536,high_20_40pct_reach,6.888863,top_20pct_reach,7.088578,False,0
37,中国传统木结构建筑营造技艺,Chinese traditional architectural craftsmanship for timber-framed structures,RL,传统手工艺/建筑,305,88,481,863,672167120,24600,778873,255150,1300000,2890000,14376000,83300000,645,499,301,105,2,39956647,261772,3868479,2900000,18800,1100000,7591831028256296195,https://www.tiktok.com/@ishalcncwoodart_official/video/7591831028256296195,Best CNC router machine for wood carving V #foruyou #treanding #asmr #diycrafts #Craftsmanship ,304,70719861,2740,232631,59875,407520,881375,3182000,21200000,181,122,58,13,2,3023907,21326,179367,537400,3836,36200,7178939278246956331,https://www.tiktok.com/@shelterinstitute/video/7178939278246956331,Scarf joint peg driving #timberframe #timberframing #housebuilding #homebuilding #woodworking #shelterinstitute #construction #homeownership #satisfying  #explore #handmade #home ,385,180051073,5134,467665,89300,655800,1760000,13544000,21200000,244,176,92,28,2,13070382,98818,1179668,2900000,18800,393600,7178939278246956331,https://www.tiktok.com/@shelterinstitute/video/7178939278246956331,Scarf joint peg driving #timberframe #timberframing #housebuilding #homebuilding #woodworking #shelterinstitute #construction #homeownership #satisfying  #explore #handmade #home ,478,492116047,68550,1029531,486525,1900000,3300000,16294000,83300000,401,323,209,77,0,26886265,162954,2688811,2100000,14400,1100000,7591831028256296195,https://www.tiktok.com/@ishalcncwoodart_official/video/7591831028256296195,Best CNC router machine for wood carving V #foruyou #treanding #asmr #diycrafts #Craftsmanship ,0.3523,0.4461,0.5539,0.1052,0.2679,0.7321,high,high_20_40pct_reach,7.183061,middle_40_70pct_reach,6.470498,middle_40_70pct_reach,6.737433,True,-1
38,端午节,Dragon Boat festival,RL,节庆民俗,416,187,226,792,358198018,7050,452270,137675,672580,1700000,8153000,48300000,540,371,221,64,21,21688219,176416,2382513,2400000,11100,1100000,7378664738378517806,https://www.tiktok.com/@art6859/video/7378664738378517806,端午安康#dominoeffect #domino #foryou ,388,111202009,3120,286603,57500,359350,729770,3065000,48300000,226,150,81,16,13,3776676,41628,171578,656100,7551,22100,7378664738378517806,https://www.tiktok.com/@art6859/video/7378664738378517806,端午安康#dominoeffect #domino #foryou ,568,215263996,4309,378986,83075,440220,1100000,4832000,48300000,365,239,132,32,18,9236981,92281,488759,1400000,9816,136700,7378664738378517806,https://www.tiktok.com/@art6859/video/7378664738378517806,端午安康#dominoeffect #domino #foryou ,224,142934022,32200,638098,375600,1500000,2985000,10239000,16900000,175,132,89,32,3,12451238,84135,1893754,2400000,11100,1100000,7506532829501639944,https://www.tiktok.com/@baby_bear19999/video/7506532829501639944,the silence is too loud #blowthisup #xybca #xybca #blowthisup #fyp #roblox #fyppppppppppppppppppppppp #fyppppppppppppppppppppppp #viralvideo #fyp #fyp #fyp #fyp #fyppppppppppppppppppppppp #fyppppppppppppppppppppppp #fyp ,0.4899,0.7172,0.2828,0.3104,0.601,0.399,medium,lower_70_90pct_reach,6.946025,middle_40_70pct_reach,6.596426,middle_40_70pct_reach,6.780202,True,1
39,妈祖信俗,Mazu belief and customs,RL,民俗信仰,222,18,220,456,286145813,30200,627513,306300,1200000,2300000,11725000,33600000,354,282,172,55,1,19547814,214164,903039,2100000,31500,187900,7083716709554736385,https://www.tiktok.com/@mazzu777/video/7083716709554736385,허허.🤔 #김준호 #마쭈 #mazzu #cat #추천 #추천떠라 #fyp #comedy #tiktokcomedy #웃긴영상 #틱톡순삭 #viral #xyzbca #이어찍기 @junya1gou,219,68236788,8595,311584,102100,730280,1740000,4346000,10600000,149,107,57,18,0,5186427,58094,184287,1200000,13300,63200,7349714092636114218,https://www.tiktok.com/@mazufashion/video/7349714092636114218,Dickies men’s cargo pants 😍 #mazufashion  #fyp #foryou #ca #anaheim #oc #localclothingstore #localclothingstore #fashiontok #foryou #dickies #cargopants #onlineshopping @Dickies ,236,76653851,10600,324804,123075,798550,1800000,4295000,10600000,163,120,67,21,1,5782966,67907,219468,1200000,13300,63200,7349714092636114218,https://www.tiktok.com/@mazufashion/video/7349714092636114218,Dickies men’s cargo pants 😍 #mazufashion  #fyp #foryou #ca #anaheim #oc #localclothingstore #localclothingstore #fashiontok #foryou #dickies #cargopants #onlineshopping @Dickies ,220,209491962,82100,952236,508425,1510000,4615000,15653000,33600000,191,162,105,34,0,13764848,146257,683571,2100000,31500,187900,7083716709554736385,https://www.tiktok.com/@mazzu777/video/7083716709554736385,허허.🤔 #김준호 #마쭈 #mazzu #cat #추천 #추천떠라 #fyp #comedy #tiktokcomedy #웃긴영상 #틱톡순삭 #viral #xyzbca #이어찍기 @junya1gou,0.4803,0.5175,0.4825,0.2385,0.2679,0.7321,high,lower_70_90pct_reach,6.915483,middle_40_70pct_reach,6.507503,middle_40_70pct_reach,6.537244,True,1
40,中国雕版印刷技艺,China engraved block printing technique,RL,传统手工艺,229,51,415,679,363578958,12300,535462,129950,916680,2220000,11576000,24400000,527,362,186,65,2,18901980,131632,1569659,2100000,12700,656700,7322759248818081055,https://www.tiktok.com/@explore.china6/video/7322759248818081055,#handcraft #handmade #fyp #learnontiktok #chineseculture ,229,62551113,7747,273149,47600,348380,907880,4976000,11400000,185,103,42,11,1,5417967,23265,114323,890200,3461,10600,7245435626198191402,https://www.tiktok.com/@aaleiyasart/video/7245435626198191402,Jaw dropping #blockprint #blockprinting #linocut #linoprintprocess #printmakingprocess #printmaking #printmaker #handmade #handcarvedstamp #artistsoftiktok #arttok #skull #jaw #skeleton ,280,80502086,6773,287507,40400,372280,1235000,5505000,11400000,203,116,49,16,1,5826162,27817,186967,890200,3461,25800,7245435626198191402,https://www.tiktok.com/@aaleiyasart/video/7245435626198191402,Jaw dropping #blockprint #blockprinting #linocut #linoprintprocess #printmakingprocess #printmaking #printmaker #handmade #handcarvedstamp #artistsoftiktok #arttok #skull #jaw #skeleton ,399,283076872,26300,709466,264750,1300000,2640000,17166000,24400000,324,246,137,49,1,13075818,103815,1382692,2100000,12700,656700,7322759248818081055,https://www.tiktok.com/@explore.china6/video/7322759248818081055,#handcraft #handmade #fyp #learnontiktok #chineseculture ,0.3373,0.4124,0.5876,0.172,0.2214,0.7786,high,lower_70_90pct_reach,6.922095,middle_40_70pct_reach,6.38872,middle_40_70pct_reach,6.480394,True,1
41,昆曲,Kun Qu opera,RL,表演艺术(戏曲),320,58,305,617,230243040,4943,373165,106900,676520,1600000,8300000,24500000,473,267,160,47,0,17841451,137237,1598185,1800000,16600,818100,7637255776473517319,https://www.tiktok.com/@brian.liu1/video/7637255776473517319,看看【蒲公英的作品】真正的绝活# 戏曲舞台技术技巧 # 台上一分鐘台下#網絡搬運 ,265,10507062,1571,39649,4229,52760,169440,708476,1700000,165,45,18,2,0,824933,5267,29273,195900,1005,4154,7210829990177295621,https://www.tiktok.com/@opera_san_/video/7210829990177295621,Opera-senpai 💔 #welcometodemonschoolirumakun #operasan #operasenpai #opera #anime #animeedit #operaanime #irumakun #animetiktok #animefyp #animeboy #animerecommendations #fypシ #fypage #rec #аніме #операсан #едіт #kalegos,315,24025940,1753,76273,9032,148760,424380,1458000,4500000,205,75,37,5,0,2053558,27451,64126,442200,16600,7439,7398241664290082054,https://www.tiktok.com/@ineloc.1/video/7398241664290082054,A responder a @hercilioln 🇨🇳 adoro guqin MÚSICA: Upward to the moon (白无瑕) #pessoaqueouvedetudo #chinesemusic #guqin #upwardtothemoon #lanwangji ,302,206217100,40950,682838,306650,1580000,2790000,11975000,24500000,268,192,123,42,0,15787893,109786,1534059,1800000,12600,818100,7637255776473517319,https://www.tiktok.com/@brian.liu1/video/7637255776473517319,看看【蒲公英的作品】真正的绝活# 戏曲舞台技术技巧 # 台上一分鐘台下#網絡搬運 ,0.4295,0.5105,0.4895,0.0456,0.1044,0.8956,high,bottom_10pct_reach,6.796723,lower_70_90pct_reach,5.66164,lower_70_90pct_reach,6.041574,True,1
42,古琴艺术,Guqin and its music,RL,表演艺术(音乐),314,85,161,487,333838031,51600,685499,406950,1500000,3070000,11412000,38900000,399,309,213,69,0,25141849,255169,2004206,1800000,21800,455800,7569493475566030135,https://www.tiktok.com/@hudddjd/video/7569493475566030135,Ru porcelain and guqin making#craftsman#handmade #fyp #rurallife #handwork  ,277,124226001,38000,448469,215400,838480,1420000,4796000,38900000,221,173,108,23,0,8476160,81708,373435,991900,16600,53400,7569493475566030135,https://www.tiktok.com/@hudddjd/video/7569493475566030135,Ru porcelain and guqin making#craftsman#handmade #fyp #rurallife #handwork  ,337,189935279,44000,563606,277800,1040000,1820000,9356000,38900000,276,216,138,36,0,13446902,128260,798448,1800000,16600,188400,7569493475566030135,https://www.tiktok.com/@hudddjd/video/7569493475566030135,Ru porcelain and guqin making#craftsman#handmade #fyp #rurallife #handwork  ,150,143902752,86850,959352,858125,2910000,5110000,11034000,20200000,123,93,75,33,0,11694947,126909,1205758,1600000,21800,455800,7485060943156694303,https://www.tiktok.com/@mizdramaholic/video/7485060943156694303,The Orchid Pavilion #兰亭序 #Guzheng #古筝 #iguzheng #guzhengmaster ,0.5688,0.692,0.308,0.3721,0.5689,0.4311,medium,middle_40_70pct_reach,7.004767,high_20_40pct_reach,6.708008,middle_40_70pct_reach,6.820828,True,1
43,新疆维吾尔木卡姆艺术,Uyghur Muqam of Xinjiang,RL,表演艺术(音乐),93,59,379,519,196603306,44500,378812,225750,794400,1500000,5502000,18000000,442,351,190,38,1,13211081,237524,2836939,2400000,53100,1200000,7589712529983589653,https://www.tiktok.com/@thomastfu/video/7589712529983589653,#童年回忆 ,88,9592744,7730,109008,52125,269510,720975,1339000,1600000,66,40,17,3,0,571712,15623,34789,108800,2869,12400,7646789108911623446,https://www.tiktok.com/@kingwithqueen12/video/7646789108911623446,Allah pak mare papa ko jannat ul firdous mein alla muqam ata kare ameen suma meen#🤲🤲❤️❤️❤️😘😘😘 #true #lines🥺 #🥹🥹🥹🥹🥹🥹🥹🥹🥹🥹🥹🥹🥹🥹🥹🥹🥹🥹🥹🥹🥹🥹🥹🥹🥹🥹🥹🥹 ,143,15133070,8774,105826,69550,236840,574620,1300000,1600000,105,70,30,5,0,831792,26018,47776,108800,2869,12400,7646789108911623446,https://www.tiktok.com/@kingwithqueen12/video/7646789108911623446,Allah pak mare papa ko jannat ul firdous mein alla muqam ata kare ameen suma meen#🤲🤲❤️❤️❤️😘😘😘 #true #lines🥺 #🥹🥹🥹🥹🥹🥹🥹🥹🥹🥹🥹🥹🥹🥹🥹🥹🥹🥹🥹🥹🥹🥹🥹🥹🥹🥹🥹🥹 ,376,181470236,63450,482634,299025,935150,2000000,6175000,18000000,337,281,160,33,1,12379289,211506,2789163,2400000,53100,1200000,7589712529983589653,https://www.tiktok.com/@thomastfu/video/7589712529983589653,#童年回忆 ,0.1696,0.2755,0.7245,0.0488,0.077,0.923,high,bottom_10pct_reach,6.743547,lower_70_90pct_reach,5.860304,bottom_10pct_reach,5.918718,True,1
44,蒙古族长调民歌,"Urtiin Duu, traditional folk long song",RL,表演艺术(音乐),67,18,540,617,1028040693,160500,1666192,845600,3700000,6360000,27908000,81000000,578,493,343,142,0,94662166,800015,8058454,5000000,65800,679500,7544518597226401037,https://www.tiktok.com/@erklen/video/7544518597226401037,throat singing chicken 2  #throatsinging #throatsing #mongolianthroatsinging #erklen #berkleecollegeofmusic ,65,7254977,35000,111615,104300,230940,528500,1153056,1500000,59,42,17,1,0,372612,5716,19989,70000,1123,7357,7641278900173114637,https://www.tiktok.com/@radlizardglizard/video/7641278900173114637,"Replying to @s£n this is the only version I knew, well until yesterday. Most definitely the version I still prefer  I cut the video a little bit cause it is a three minute long song lmao so I kept it at my favorite parts",80,12831217,31100,160390,93350,263730,601395,2088000,4300000,72,51,19,2,0,926557,8995,40296,475500,2342,15200,7575850528962350358,https://www.tiktok.com/@clou11103/video/7575850528962350358,Have you heard this Chinese opera-style song? #clou #kelou #关山酒 ,537,1015209476,209200,1890520,1100000,4540000,7100000,29700000,81000000,506,442,324,140,0,93735609,791020,8018158,5000000,65800,679500,7544518597226401037,https://www.tiktok.com/@erklen/video/7544518597226401037,throat singing chicken 2  #throatsinging #throatsing #mongolianthroatsinging #erklen #berkleecollegeofmusic ,0.1053,0.1297,0.8703,0.0071,0.0125,0.9875,high,top_20pct_reach,7.370766,lower_70_90pct_reach,5.765034,lower_70_90pct_reach,5.967397,True,-3
