project_id,project_name,project_name_en,list_type,category,scale_data_state,scale_video_count_best,scale_video_count_tier,stock_band,scale_best_hashtag,likely_reach_tier_statistical,likely_reach_tier,likely_reach_score,likely_total_play,likely_unique_videos,likely_max_play,likely_p95_play,likely_videos_ge_100k,likely_play_ratio,likely_video_ratio,reach_band_statistical,reach_band,raw_reach_tier,raw_total_play,inclusive_reach_tier,inclusive_total_play,low_relevance_play_ratio,reach_noise_risk,raw_to_likely_tier_delta,raw_unique_videos,label_likely_relevant_rows,label_needs_review_rows,label_low_relevance_rows,auto_label_likely_relevant_rows,auto_label_needs_review_rows,auto_label_low_relevance_rows,manual_reviewed_rows,manual_related_rows,manual_uncertain_rows,manual_unrelated_rows,manual_changed_rows,likely_top_video_url,likely_top_video_desc,manual_audit_verdict,manual_audit_note,quadrant,quadrant_label,previous_quadrant,previous_likely_reach_tier,previous_likely_total_play,manual_corrected_quadrant_changed,manual_corrected_reach_tier_changed,manual_reach_play_delta,review_priority,matrix_note
1,春节,"Spring Festival, social practices of the Chinese people in celebration of traditional new year",RL,节庆民俗,clean,640926,head,stock_high,chinesenewyear,top_20pct_reach,top_20pct_reach,7.358298,1190216794,900,37300000,6915000,543,0.6665,0.6701,reach_high,reach_high,top_20pct_reach,1785863950,top_20pct_reach,1275828452,0.2856,medium,0,1343,1032,156,343,1032,156,343,2,0,0,2,0,https://www.tiktok.com/@mcplaygt/video/7608687823369047310,So anyone else got this much or less? 😭 #mcplaygt #fyp #skit #lunarnewyear #comedy ,,,stock_high__reach_high,真·规模化出海候选,stock_high__reach_high,top_20pct_reach,1190216794,False,False,0,P3_normal,manual-corrected stock×reach matrix; reviewed videos override auto labels; unreviewed videos keep auto labels
2,中国传统制茶技艺及其相关习俗,Traditional tea processing techniques and associated social practices in China,RL,手工艺/民俗,clean,16140,mid,stock_high,gongfutea,high_20_40pct_reach,high_20_40pct_reach,6.676733,143086500,473,14500000,1700000,123,0.2435,0.3922,reach_high,reach_high,middle_40_70pct_reach,587708589,high_20_40pct_reach,242434553,0.5926,high,1,1206,640,282,673,640,282,673,1,0,0,1,0,https://www.tiktok.com/@tk25145156z/video/7569553905730768142,中国茶道知多少？让南方小牛牛给你们展示下吧#召唤茶友 #传统文化 #中国功夫茶 #茶文化茶生活以茶會友 ,,,stock_high__reach_high,真·规模化出海候选,stock_high__reach_high,high_20_40pct_reach,143086500,False,False,0,P2_noise_risk,manual-corrected stock×reach matrix; reviewed videos override auto labels; unreviewed videos keep auto labels
3,太极拳,Taijiquan,RL,传统体育/养生,clean,210873,head,stock_high,taichi,top_20pct_reach,top_20pct_reach,6.904095,248769168,377,33400000,2420000,183,0.718,0.7181,reach_high,reach_high,middle_40_70pct_reach,346462690,high_20_40pct_reach,265380166,0.234,low,2,525,427,109,80,427,110,79,1,0,0,1,1,https://www.tiktok.com/@tairi46/video/7555853013085130002,姫にダンスを操られる俺たち🎽@TAICHI（筋達磨）💪👹 @中島 結音（ゆのん） ,,,stock_high__reach_high,真·规模化出海候选,stock_high__reach_high,high_20_40pct_reach,248769168,False,True,0,P3_normal,manual-corrected stock×reach matrix; reviewed videos override auto labels; unreviewed videos keep auto labels
4,送王船,"Ong Chun/Wangchuan/Wangkang ceremony, rituals and related practices for maintaining the sustainable connection between man and the ocean",RL,民俗仪式,clean,1302,long_tail,stock_mid,wangkang,middle_40_70pct_reach,middle_40_70pct_reach,5.956881,20773209,142,5700000,309100,16,0.0641,0.1625,reach_mid,reach_mid,bottom_10pct_reach,324028879,lower_70_90pct_reach,27512122,0.9151,high,2,874,145,146,605,148,148,600,10,0,0,10,5,https://www.tiktok.com/@longchunchun/video/7279994056485145863,Thích cái cách mà cô ấy phá tài sản để mè nheo những tài sản mới 😂 #longchun #tunpham,,,stock_low__reach_low,低存量低触达：近乎隐形候选,stock_low__reach_low,middle_40_70pct_reach,41973209,False,False,-21200000,P0_manual_false_breakout,manual-corrected stock×reach matrix; reviewed videos override auto labels; unreviewed videos keep auto labels
5,藏医药浴法,"Lum medicinal bathing of Sowa Rigpa, knowledge and practices concerning life, health and illness prevention and treatment among the Xizang people in China",RL,传统医药,clean,256,near_invisible,stock_low,sowarigpa,bottom_10pct_reach,bottom_10pct_reach,4.86738,1011447,121,282900,44700,2,0.0033,0.1622,reach_low,reach_low,lower_70_90pct_reach,306313629,bottom_10pct_reach,3875145,0.9873,high,-1,746,126,43,588,128,45,584,11,1,0,10,4,https://www.tiktok.com/@cleo_abrahams/video/7126331545304059137,This ancient tibetan medicine massage helped me with my insomnia 💆‍♀️ #asmr #massage #tibetanmassage #headmassage #insomnia,,,stock_low__reach_low,低存量低触达：近乎隐形候选,stock_low__reach_low,bottom_10pct_reach,1356247,False,False,-344800,P0_noise_or_tier_drop,manual-corrected stock×reach matrix; reviewed videos override auto labels; unreviewed videos keep auto labels
6,二十四节气,"The Twenty-Four Solar Terms, knowledge in China of time and practices developed through observation of the sun's annual motion",RL,传统知识/民俗,clean,2636,long_tail,stock_mid,chinesecalendar,middle_40_70pct_reach,middle_40_70pct_reach,6.048366,22500849,188,2300000,730350,31,0.0645,0.2214,reach_mid,reach_mid,lower_70_90pct_reach,348781807,lower_70_90pct_reach,33048595,0.9052,high,1,849,200,60,623,203,63,617,11,0,0,11,6,https://www.tiktok.com/@zeianz/video/7615588769760038165,Year of the Goat/Sheep !!  🐐 🐑 #chinesecalendar #chinesezodiac #trending #fypp #xybzca ib : @Loveclouds,,,stock_low__reach_low,低存量低触达：近乎隐形候选,stock_low__reach_low,middle_40_70pct_reach,31700849,False,False,-9200000,P0_manual_false_breakout,manual-corrected stock×reach matrix; reviewed videos override auto labels; unreviewed videos keep auto labels
7,中国珠算,"Chinese Zhusuan, knowledge and practices of mathematical calculation through the abacus",RL,传统知识,clean,304,near_invisible,stock_low,珠算,high_20_40pct_reach,manual_demoted_false_breakout,6.824621,169744719,214,12800000,4305000,101,0.3345,0.3463,reach_high,reach_low,middle_40_70pct_reach,507482849,high_20_40pct_reach,175116582,0.6549,high,1,618,216,43,386,220,45,380,9,0,0,9,6,https://www.tiktok.com/@sabrinakanashiro/video/7482392760788602167,Multiplicação no Soroban ✖️🧮 #soroban #abaco #matematica #math #mathematics #calculomental #abacus #fyp #garotasapoiamgarotas #viral_video #viralvideos ,false_breakout_confirmed,targeted human audit found the sampled high-reach breakout evidence unrelated; remaining auto-likely signal is not trusted for final quadrant,stock_low__reach_low,低存量低触达：近乎隐形候选,stock_low__reach_high,top_20pct_reach,283844719,True,True,-114100000,P0_manual_false_breakout,manual-corrected stock×reach matrix; reviewed videos override auto labels; unreviewed videos keep auto labels; targeted audit can demote false breakout candidates beyond row-level relabeling
8,福建木偶戏,Strategy for training coming generations of Fujian puppetry practitioners,GSP,保护实践(木偶戏),clean,315,near_invisible,stock_low,布袋戏,bottom_10pct_reach,bottom_10pct_reach,4.720741,589865,59,425900,25960,1,0.0009,0.0682,reach_low,reach_low,middle_40_70pct_reach,623321342,middle_40_70pct_reach,28581463,0.9541,high,-2,865,66,80,758,66,85,753,13,3,0,10,7,https://www.tiktok.com/@goodlivinginchina/video/7614505628744043832,🖐️Discover #Fujian's intangible cultural heritage: the #Budaixi glove puppet show! A master with 20 years of performing experience shows his amazing finger skills. Melinda and Arun tried it and had lots of fun! It truly ,,,stock_low__reach_low,低存量低触达：近乎隐形候选,stock_low__reach_low,bottom_10pct_reach,1436465,False,False,-846600,P0_noise_or_tier_drop,manual-corrected stock×reach matrix; reviewed videos override auto labels; unreviewed videos keep auto labels
9,赫哲族伊玛堪,Hezhe Yimakan storytelling,USL,口头传统/史诗,clean,17,near_invisible,stock_low,hezhe,lower_70_90pct_reach,lower_70_90pct_reach,5.758759,8230401,59,749600,627450,21,0.026,0.0899,reach_low,reach_low,bottom_10pct_reach,317137967,lower_70_90pct_reach,10758489,0.9661,high,1,656,60,38,561,63,40,556,10,0,0,10,5,https://www.tiktok.com/@zhezhehe/video/7568091124795985160,With @cigwpols  #xuhuong #viral #theapothecarydiaries ,,,stock_low__reach_low,低存量低触达：近乎隐形候选,stock_low__reach_low,middle_40_70pct_reach,15530401,False,True,-7300000,P0_manual_false_breakout,manual-corrected stock×reach matrix; reviewed videos override auto labels; unreviewed videos keep auto labels
10,中国皮影戏,Chinese shadow puppetry,RL,表演艺术,clean,935,near_invisible,stock_low,piying,lower_70_90pct_reach,lower_70_90pct_reach,5.810895,13264017,163,3300000,257620,15,0.0163,0.2239,reach_low,reach_low,high_20_40pct_reach,814114302,middle_40_70pct_reach,38508469,0.9527,high,-2,728,192,104,516,191,107,514,14,6,0,8,3,https://www.tiktok.com/@pandatalk_/video/7017719800428285185,An art of using shadows-Chinese shadow puppetry!#china #foryou #fyp #tiktok #shadow,,,stock_low__reach_low,低存量低触达：近乎隐形候选,stock_low__reach_low,lower_70_90pct_reach,13264017,False,False,0,P0_noise_or_tier_drop,manual-corrected stock×reach matrix; reviewed videos override auto labels; unreviewed videos keep auto labels
11,麦西热甫,Meshrep,USL,表演艺术/民俗,clean,54,near_invisible,stock_low,meshrep,middle_40_70pct_reach,manual_demoted_false_breakout,6.481447,61411002,91,4200000,2700000,62,0.1497,0.1679,reach_mid,reach_low,middle_40_70pct_reach,410304017,middle_40_70pct_reach,62668144,0.8473,high,0,542,91,34,417,96,36,410,10,0,0,10,7,https://www.tiktok.com/@vincentmklee/video/7293368479342726408,This girl is from Xinjiang and she is a Uyghur. Wanna visit Xinjiang? 😉 #xinjiang #xinjiangchina #xinjianguyghurs🇨🇳 #uyghur #uyghurs #uyghurpeople #uyghurgirl #china ,false_breakout_confirmed,targeted human audit found the sampled high-reach breakout evidence unrelated; remaining auto-likely signal is not trusted for final quadrant,stock_low__reach_low,低存量低触达：近乎隐形候选,stock_low__reach_high,high_20_40pct_reach,145911002,True,True,-84500000,P0_manual_false_breakout,manual-corrected stock×reach matrix; reviewed videos override auto labels; unreviewed videos keep auto labels; targeted audit can demote false breakout candidates beyond row-level relabeling
12,中国水密隔舱福船制造技艺,Watertight-bulkhead technology of Chinese junks,USL,传统手工艺,clean,343,near_invisible,stock_low,junkboat,high_20_40pct_reach,manual_demoted_false_breakout,6.836985,184008225,239,15200000,4060000,88,0.2427,0.3357,reach_high,reach_low,high_20_40pct_reach,758064231,high_20_40pct_reach,186271143,0.7543,high,0,712,239,33,440,243,35,434,9,0,0,9,6,https://www.tiktok.com/@jeweled.by.jolly/video/7493221326799293738,Brown Junk Case  🤎 #fyp #viral #trendyphonecase #phonecase #coolphonecases #girlyaesthetic #browns #junkcase #earthyaesthetic #earthtone ,false_breakout_confirmed,targeted human audit found the sampled high-reach breakout evidence unrelated; remaining auto-likely signal is not trusted for final quadrant,stock_low__reach_low,低存量低触达：近乎隐形候选,stock_low__reach_high,top_20pct_reach,302908225,True,True,-118900000,P0_manual_false_breakout,manual-corrected stock×reach matrix; reviewed videos override auto labels; unreviewed videos keep auto labels; targeted audit can demote false breakout candidates beyond row-level relabeling
13,中国木活字印刷术,Wooden movable-type printing of China,USL,传统手工艺,clean,171,near_invisible,stock_low,活字,top_20pct_reach,top_20pct_reach,6.98944,140944338,66,47700000,12275000,15,0.1445,0.0801,reach_high,reach_high,high_20_40pct_reach,975576060,high_20_40pct_reach,179942620,0.8156,high,1,824,70,99,694,68,102,693,14,7,1,6,4,https://www.tiktok.com/@xiedapao88/video/7404039857405742344,中国四大发明之一：活字印刷术。一起来感受中国传统文化的魅力！One of the four great inventions of China: movable type printing. Let's feel the charm of traditional Chinese culture!#活字印刷术 #中国传统文化 #中国非物质文化遗产 #传统文化 #中国传统文化 #传统手艺 #传统手工艺 #中国非物质 #传统艺人#传统手工艺人,,,stock_low__reach_high,低存量高触达：小而精破圈候选,stock_low__reach_high,high_20_40pct_reach,116544338,False,True,24400000,P0_noise_or_tier_drop,manual-corrected stock×reach matrix; reviewed videos override auto labels; unreviewed videos keep auto labels
14,京剧,Peking opera,RL,表演艺术(戏曲),clean,7633,long_tail,stock_mid,pekingopera,top_20pct_reach,top_20pct_reach,7.053785,344408249,364,57700000,3570000,158,0.5965,0.6594,reach_high,reach_high,high_20_40pct_reach,577344963,top_20pct_reach,387967978,0.328,medium,1,552,491,146,104,496,149,96,19,4,2,13,12,https://www.tiktok.com/@musicwang136/video/7205388003118697770,#chinese #京剧 #foryou ,,,stock_low__reach_high,低存量高触达：小而精破圈候选,stock_low__reach_high,top_20pct_reach,332608249,False,False,11800000,P1_low_stock_high_reach,manual-corrected stock×reach matrix; reviewed videos override auto labels; unreviewed videos keep auto labels
15,中医针灸,Acupuncture and moxibustion of traditional Chinese medicine,RL,传统医药,clean,7351,long_tail,stock_mid,针灸,top_20pct_reach,top_20pct_reach,6.891369,245199475,365,15800000,3700000,145,0.3448,0.7389,reach_high,reach_high,top_20pct_reach,711227523,top_20pct_reach,302716261,0.5744,high,0,494,381,36,112,384,36,109,8,1,2,5,5,https://www.tiktok.com/@geotherapy/video/7416634811328007456,His knots were so big i has to needle them out! #massage #physio #dryneedling #acupuncture #traps,,,stock_low__reach_high,低存量高触达：小而精破圈候选,stock_low__reach_high,top_20pct_reach,329199475,False,False,-84000000,P1_low_stock_high_reach,manual-corrected stock×reach matrix; reviewed videos override auto labels; unreviewed videos keep auto labels
16,黎族传统纺染织绣技艺,"Traditional Li textile techniques: spinning, dyeing, weaving and embroidering",USL,传统手工艺,clean,48,near_invisible,stock_low,litextiles,middle_40_70pct_reach,middle_40_70pct_reach,6.139371,17747302,82,5400000,1261280,15,0.0411,0.0844,reach_mid,reach_mid,middle_40_70pct_reach,431336490,middle_40_70pct_reach,39865029,0.9076,high,0,971,84,138,800,84,140,798,10,3,0,7,2,https://www.tiktok.com/@littleturtlelisa/video/7409140339413470495,Li Brocade Show#hainan #littleturtlelisa #tourofhainan #cycling #cycle ,,,stock_low__reach_low,低存量低触达：近乎隐形候选,stock_low__reach_low,middle_40_70pct_reach,17747302,False,False,0,P0_noise_or_tier_drop,manual-corrected stock×reach matrix; reviewed videos override auto labels; unreviewed videos keep auto labels
17,中国木拱桥传统营造技艺,Traditional design and practices for building Chinese wooden arch bridges,USL,传统手工艺/建筑,clean,13,near_invisible,stock_low,廊桥,lower_70_90pct_reach,lower_70_90pct_reach,5.35493,4076393,188,395600,142910,14,0.0255,0.287,reach_low,reach_low,bottom_10pct_reach,159734941,lower_70_90pct_reach,10572753,0.9338,high,1,655,190,26,448,193,27,444,10,0,1,9,6,https://www.tiktok.com/@lminghei4/video/7595561107331370270,情，始于廊桥，终于廊桥。爱，融于灵魂，镌刻一生。#此情永不移 #nothingsgonnachangemylove #小提琴 #音乐 #好的音乐总能触动人的心灵 ,,,stock_low__reach_low,低存量低触达：近乎隐形候选,stock_low__reach_low,lower_70_90pct_reach,7005393,False,False,-2929000,P0_manual_false_breakout,manual-corrected stock×reach matrix; reviewed videos override auto labels; unreviewed videos keep auto labels
18,羌年,Qiang New Year festival,USL,节庆民俗,clean,7,near_invisible,stock_low,qiangculture,middle_40_70pct_reach,middle_40_70pct_reach,6.358721,38667397,104,8600000,1585000,28,0.0489,0.1612,reach_mid,reach_mid,high_20_40pct_reach,790005118,high_20_40pct_reach,163136309,0.7935,high,-1,645,104,128,427,104,130,425,3,0,0,3,2,https://www.tiktok.com/@qiangchinatravel/video/7595297313250135304,Nhà của Dai Dai đón khách nhiều tới nỗi bố mẹ không muốn ra khỏi phòng nữa vì quá mệt . ăn tết có 2 ngày giờ thành 4 ngày còn chưa hết người #qiangchina #chinatravel #tourchina #daidaitrungquoc #呆呆 ,,,stock_low__reach_low,低存量低触达：近乎隐形候选,stock_low__reach_low,middle_40_70pct_reach,38667397,False,False,0,P0_manual_false_breakout,manual-corrected stock×reach matrix; reviewed videos override auto labels; unreviewed videos keep auto labels
19,侗族大歌,Grand song of the Dong ethnic group,RL,表演艺术(音乐),clean,10,near_invisible,stock_low,侗族大歌,bottom_10pct_reach,bottom_10pct_reach,4.179991,148748,59,31000,15990,0,0.0005,0.1031,reach_low,reach_low,lower_70_90pct_reach,303528771,bottom_10pct_reach,4169223,0.9863,high,-1,572,63,48,467,66,50,462,10,0,0,10,5,https://www.tiktok.com/@unknowncultures/video/7032437244807875846,竹竿舞 #苗族 #瑶族 #黎族 #佤族 #侗族 #竹竿舞 #贵州 #少数民族 #民族服饰 #中国 #miaozu #hmong #yaozu #mienh #lizu #wazu #dongzu #china #bamboodance #dongpeople #wapeople #hmongb,,,stock_low__reach_low,低存量低触达：近乎隐形候选,stock_low__reach_low,bottom_10pct_reach,298248,False,False,-149500,P0_manual_false_breakout,manual-corrected stock×reach matrix; reviewed videos override auto labels; unreviewed videos keep auto labels
20,西安鼓乐,Xi'an wind and percussion ensemble,RL,表演艺术(音乐),clean,9,near_invisible,stock_low,西安鼓乐,middle_40_70pct_reach,middle_40_70pct_reach,6.012764,10852555,52,3300000,1290000,11,0.0088,0.0717,reach_mid,reach_mid,top_20pct_reach,1235847410,lower_70_90pct_reach,20293121,0.9836,high,-2,725,55,78,601,58,80,596,10,0,0,10,5,https://www.tiktok.com/@joejun0/video/7343513140216237313,"🇲🇾 2024 新山福州十邑会馆舞龍队 鼓乐篇 可爱的是那个女孩 打一下拔头发飞一下🤣🤣🤣凉爽 哈哈哈 其实有一幕小姐姐笑起来真好看😍 Drum music The cute thing is that girl. Hit it and pull out her hair and it will fly🤣🤣🤣It’s cool, hahaha In fact, there is a scene where the young lady ",,,stock_low__reach_low,低存量低触达：近乎隐形候选,stock_low__reach_low,middle_40_70pct_reach,25052555,False,False,-14200000,P0_manual_false_breakout,manual-corrected stock×reach matrix; reviewed videos override auto labels; unreviewed videos keep auto labels
21,中国蚕桑丝织技艺,Sericulture and silk craftsmanship of China,RL,传统手工艺,clean,508,near_invisible,stock_low,sericulture,middle_40_70pct_reach,middle_40_70pct_reach,6.247013,48894741,175,29300000,336670,18,0.0611,0.1675,reach_mid,reach_mid,high_20_40pct_reach,799875619,high_20_40pct_reach,205437061,0.7448,high,-1,1045,185,197,748,187,197,746,4,0,0,4,2,https://www.tiktok.com/@peter.pan810/video/7285420837681892639,"5000 years ago, the Chinese learned to make quilts from the silk of the silkworm, which are breathable, light, and cozy.#culture #handcraft #handwork #fyp #foryou #ancient #china #chineseculture ",,,stock_low__reach_low,低存量低触达：近乎隐形候选,stock_low__reach_low,middle_40_70pct_reach,53694741,False,False,-4800000,P0_manual_false_breakout,manual-corrected stock×reach matrix; reviewed videos override auto labels; unreviewed videos keep auto labels
22,南音,Nanyin,RL,表演艺术(音乐),clean,854,near_invisible,stock_low,Nanyin,lower_70_90pct_reach,lower_70_90pct_reach,5.905591,14314705,129,1200000,698400,24,0.0381,0.1669,reach_low,reach_low,lower_70_90pct_reach,375385895,lower_70_90pct_reach,16145818,0.957,high,0,773,140,61,604,143,63,599,10,0,0,10,5,https://www.tiktok.com/@nanf_music/video/7232797979835370794,#music #fyp #我要上推薦 #音樂 #粉丝 ,,,stock_low__reach_low,低存量低触达：近乎隐形候选,stock_low__reach_low,middle_40_70pct_reach,18814705,False,True,-4500000,P0_manual_false_breakout,manual-corrected stock×reach matrix; reviewed videos override auto labels; unreviewed videos keep auto labels
23,南京云锦织造技艺,Craftsmanship of Nanjing Yunjin brocade,RL,传统手工艺,clean,603357,head,stock_high,yunjin,high_20_40pct_reach,high_20_40pct_reach,6.646216,101751989,207,13000000,2220000,98,0.2194,0.3286,reach_high,reach_high,middle_40_70pct_reach,463757624,middle_40_70pct_reach,123755870,0.7331,high,1,630,216,89,343,216,89,343,0,0,0,0,0,https://www.tiktok.com/@le_sserafim/video/7632561832489733384,𝒯𝒾𝓂ℯ 𝓉ℴ 𝒸ℯ𝓁ℯ𝒷𝓇𝒶𝓉ℯ #HUHYUNJIN ✮  #CELEBRATION ,,,stock_high__reach_high,真·规模化出海候选,stock_high__reach_high,high_20_40pct_reach,101751989,False,False,0,P2_noise_risk,manual-corrected stock×reach matrix; reviewed videos override auto labels; unreviewed videos keep auto labels
24,宣纸传统制作技艺,Traditional handicrafts of making Xuan paper,RL,传统手工艺,clean,128,near_invisible,stock_low,xuanpaper,top_20pct_reach,top_20pct_reach,7.025465,273472611,251,38000000,5250000,110,0.2575,0.3612,reach_high,reach_high,top_20pct_reach,1061958793,top_20pct_reach,627644895,0.4143,medium,0,695,258,159,291,259,161,288,10,3,1,6,9,https://www.tiktok.com/@trendygabriel/video/7321072687260962091,Replying to @ムズキフ he knows how to make that paper💰 #wow #howitsmade ,,,stock_low__reach_high,低存量高触达：小而精破圈候选,stock_low__reach_high,top_20pct_reach,282772611,False,False,-9300000,P1_low_stock_high_reach,manual-corrected stock×reach matrix; reviewed videos override auto labels; unreviewed videos keep auto labels
25,粤剧,Yueju opera,RL,表演艺术(戏曲),clean,289,near_invisible,stock_low,cantoneseopera,middle_40_70pct_reach,middle_40_70pct_reach,6.340782,40755989,114,27700000,811800,15,0.1379,0.2495,reach_mid,reach_mid,middle_40_70pct_reach,295526017,high_20_40pct_reach,151834224,0.4862,medium,0,457,160,119,291,159,120,291,7,1,1,5,4,https://www.tiktok.com/@maisieding6688/video/7159021562836913454,Emergency change makeup #fy #fyp #foryou #foryoupage #opera #pekingopera #china #chineseculture ,,,stock_low__reach_low,低存量低触达：近乎隐形候选,stock_low__reach_low,lower_70_90pct_reach,13055989,False,True,27700000,P3_normal,manual-corrected stock×reach matrix; reviewed videos override auto labels; unreviewed videos keep auto labels
26,格萨(斯)尔史诗传统,Gesar epic tradition,RL,口头传统/史诗,clean,227,near_invisible,stock_low,gesar,lower_70_90pct_reach,lower_70_90pct_reach,5.102243,1787008,76,496400,86025,2,0.0027,0.1157,reach_low,reach_low,high_20_40pct_reach,663013279,top_20pct_reach,355405658,0.464,high,-2,657,78,178,419,81,182,412,10,0,0,10,7,https://www.tiktok.com/@tehocana3333/video/7558969095731825951,Replying to @yiyi_.gym Busca el video de donde viene este comentario #nesara #gesara #soberano #libre #revelaciones369 ,,,stock_low__reach_low,低存量低触达：近乎隐形候选,stock_low__reach_low,lower_70_90pct_reach,3511908,False,False,-1724900,P0_manual_false_breakout,manual-corrected stock×reach matrix; reviewed videos override auto labels; unreviewed videos keep auto labels
27,龙泉青瓷传统烧制技艺,Traditional firing technology of Longquan celadon,RL,传统手工艺,clean,657,near_invisible,stock_low,longquanceladon,high_20_40pct_reach,high_20_40pct_reach,6.599825,112095917,278,46100000,896850,45,0.2855,0.4371,reach_high,reach_high,middle_40_70pct_reach,392626319,middle_40_70pct_reach,162441068,0.5863,high,1,636,295,59,318,302,60,310,16,5,1,10,12,https://www.tiktok.com/@shanbai09/video/7569629481434975502,"龙泉青瓷 Longquan Celadon | Originated in the Five Dynasties, flourished in the Song Dynasty, crafted in Longquan (Zhejiang) with its iconic celadon glaze, a treasure of Chinese porcelain. #traditional #handmade #chinesecraf",,,stock_low__reach_high,低存量高触达：小而精破圈候选,stock_low__reach_high,high_20_40pct_reach,168495917,False,False,-56400000,P1_low_stock_high_reach,manual-corrected stock×reach matrix; reviewed videos override auto labels; unreviewed videos keep auto labels
28,热贡艺术,Regong arts,RL,传统手工艺/宗教艺术,clean,37,near_invisible,stock_low,regong,lower_70_90pct_reach,lower_70_90pct_reach,5.265674,3997651,233,455500,81660,10,0.0107,0.3314,reach_low,reach_low,middle_40_70pct_reach,373763169,bottom_10pct_reach,7530713,0.9799,high,-1,703,237,46,436,240,48,431,10,0,0,10,5,https://www.tiktok.com/@thangka.painting/video/7473271624385662254,"#Thangka handmade painting, #religious art, #Tibetan Thangka",,,stock_low__reach_low,低存量低触达：近乎隐形候选,stock_low__reach_low,lower_70_90pct_reach,6899451,False,False,-2901800,P0_manual_false_breakout,manual-corrected stock×reach matrix; reviewed videos override auto labels; unreviewed videos keep auto labels
29,藏戏,Xizang opera,RL,表演艺术(戏曲),clean,808,near_invisible,stock_low,lhamo,bottom_10pct_reach,bottom_10pct_reach,4.987861,1731170,159,200800,70180,2,0.0041,0.2442,reach_low,reach_low,middle_40_70pct_reach,426305888,lower_70_90pct_reach,36186921,0.9151,high,-2,651,164,98,400,167,101,394,12,0,0,12,6,https://www.tiktok.com/@theroyalfamilyofbhutan/video/7571090782103276808,"Ashi Yeatso Lhamo, wife of His Royal Highness Gyaltsab Jigme Dorji Wangchuck and elder sister of Her Majesty The Gyaltsuen 💛🐉🇧🇹🙇‍♀️💐 #royalfamily #royalfamilyofbhutan #ashiyeatsholhamo #globalpeaceprayer",,,stock_low__reach_low,低存量低触达：近乎隐形候选,stock_low__reach_low,bottom_10pct_reach,3523970,False,False,-1792800,P0_manual_false_breakout,manual-corrected stock×reach matrix; reviewed videos override auto labels; unreviewed videos keep auto labels
30,玛纳斯,Manas,RL,口头传统/史诗,clean,103875,head,stock_high,manas,high_20_40pct_reach,high_20_40pct_reach,6.776523,101345094,89,24700000,4940000,33,0.2403,0.2094,reach_high,reach_high,middle_40_70pct_reach,421670719,high_20_40pct_reach,121859851,0.711,high,1,425,90,82,254,90,82,254,1,0,0,1,0,https://www.tiktok.com/@manaspalaparti/video/7604472694184185102,"please ignore the ugly grandma bun        ok so quick update lol, my main talking point in this was my dress, not my terrible hair or my lack of makeup. this was filmed close to 3:21 AM after the event was over—so natura",,,stock_high__reach_high,真·规模化出海候选,stock_high__reach_high,high_20_40pct_reach,101345094,False,False,0,P2_noise_risk,manual-corrected stock×reach matrix; reviewed videos override auto labels; unreviewed videos keep auto labels
31,蒙古族呼麦,"Mongolian art of singing, Khoomei",RL,表演艺术(音乐),clean,902,near_invisible,stock_low,khoomei,top_20pct_reach,top_20pct_reach,7.144702,320266425,162,81000000,7050000,77,0.3072,0.2425,reach_high,reach_high,top_20pct_reach,1042441489,top_20pct_reach,555775344,0.4802,medium,0,668,166,138,387,167,141,383,9,3,0,6,7,https://www.tiktok.com/@erklen/video/7544518597226401037,throat singing chicken 2  #throatsinging #throatsing #mongolianthroatsinging #erklen #berkleecollegeofmusic ,,,stock_low__reach_high,低存量高触达：小而精破圈候选,stock_low__reach_high,top_20pct_reach,257066425,False,False,63200000,P1_low_stock_high_reach,manual-corrected stock×reach matrix; reviewed videos override auto labels; unreviewed videos keep auto labels
32,花儿,Hua'er,RL,表演艺术(民歌),clean,166,near_invisible,stock_low,huaer,bottom_10pct_reach,bottom_10pct_reach,3.855139,71167,53,9629,7691,0,0.0002,0.1147,reach_low,reach_low,lower_70_90pct_reach,326138698,lower_70_90pct_reach,8129810,0.9751,high,-1,462,53,33,376,56,35,371,10,0,0,10,5,https://www.tiktok.com/@lin_cen_ling/video/7649013595753172242,歌曲：花儿开花儿落 #歌曲花儿开花儿落 #花儿开花儿落 #神级现场 #Chinesesongs #bestchinesesongs ,,,stock_low__reach_low,低存量低触达：近乎隐形候选,stock_low__reach_low,bottom_10pct_reach,381267,False,False,-310100,P0_manual_false_breakout,manual-corrected stock×reach matrix; reviewed videos override auto labels; unreviewed videos keep auto labels
33,中国朝鲜族农乐舞,Farmers' dance of China's Korean ethnic group,RL,表演艺术(舞蹈),clean,41,near_invisible,stock_low,nongak,lower_70_90pct_reach,lower_70_90pct_reach,5.182991,2671328,85,341000,99520,5,0.0085,0.1252,reach_low,reach_low,lower_70_90pct_reach,314728435,bottom_10pct_reach,7862306,0.975,high,0,679,85,61,535,88,64,529,11,0,0,11,6,https://www.tiktok.com/@baannongakin/video/7623707906407468306,รถไฟโทมัสแบบนั่งขับพร้อมราง 🚂🚦 เด็กสามารถนั่งบังคับได้จริง มีเพลงธีมโทมัสแบบออริจินัล เสียงหวีดรถไฟ และมีไฟกะพริบ สมจริง! #ของเล่นเสริมพัฒนาการ #ของเล่นเด็ก #ของเล่น #รถไฟ #รีวิวของเล่น ,,,stock_low__reach_low,低存量低触达：近乎隐形候选,stock_low__reach_low,lower_70_90pct_reach,6060528,False,False,-3389200,P0_manual_false_breakout,manual-corrected stock×reach matrix; reviewed videos override auto labels; unreviewed videos keep auto labels
34,中国书法,Chinese calligraphy,RL,传统手工艺/视觉艺术,clean,1715067,head,stock_high,calligraphy,top_20pct_reach,top_20pct_reach,7.384358,842210064,402,67300000,11285000,183,0.7423,0.5835,reach_high,reach_high,top_20pct_reach,1134619032,top_20pct_reach,891454848,0.2143,low,0,689,408,68,228,408,68,228,0,0,0,0,0,https://www.tiktok.com/@wk_writer__2/video/7542145372022410504,best handwriting in the world 💕💫😇 #handwriting #trending #calligraphy #viral #foryou ,,,stock_high__reach_high,真·规模化出海候选,stock_high__reach_high,top_20pct_reach,842210064,False,False,0,P3_normal,manual-corrected stock×reach matrix; reviewed videos override auto labels; unreviewed videos keep auto labels
35,中国篆刻,Art of Chinese seal engraving,RL,传统手工艺,clean,2885,long_tail,stock_mid,篆刻,middle_40_70pct_reach,middle_40_70pct_reach,6.356258,56311812,321,19700000,642700,32,0.0589,0.4798,reach_mid,reach_mid,top_20pct_reach,956427162,middle_40_70pct_reach,70102791,0.9267,high,-2,669,343,30,351,347,32,345,13,1,0,12,8,https://www.tiktok.com/@craftheritage/video/7624096912974564621,"Longquan Ge Kiln is one of the Five Great Kilns of the Song Dynasty in China, famous for its distinctive crackle glaze (called ""gold thread and iron wire""). known for elegant shapes, subtle grayish-green or bluish tones,",,,stock_low__reach_low,低存量低触达：近乎隐形候选,stock_low__reach_low,middle_40_70pct_reach,85411812,False,False,-29100000,P0_noise_or_tier_drop,manual-corrected stock×reach matrix; reviewed videos override auto labels; unreviewed videos keep auto labels
36,中国剪纸,Chinese paper-cut,RL,传统手工艺,clean,28432,mid,stock_high,papercutting,high_20_40pct_reach,high_20_40pct_reach,6.888863,205339021,300,36500000,3210000,78,0.2905,0.4823,reach_high,reach_high,high_20_40pct_reach,706737979,top_20pct_reach,399890083,0.4342,medium,0,622,325,180,198,325,180,198,1,0,0,1,0,https://www.tiktok.com/@onlyjayus/video/6943714855299943685,Life Advice with Jayus 🤓🐝 #fyp #lifeadvice #advice #lifehacks #hacks #protip #tips #onlyjayus #bees #papercut #hiccups #gay #onlyjayus,,,stock_high__reach_high,真·规模化出海候选,stock_high__reach_high,high_20_40pct_reach,205339021,False,False,0,P3_normal,manual-corrected stock×reach matrix; reviewed videos override auto labels; unreviewed videos keep auto labels
37,中国传统木结构建筑营造技艺,Chinese traditional architectural craftsmanship for timber-framed structures,RL,传统手工艺/建筑,clean,16173,mid,stock_high,timberframe,middle_40_70pct_reach,middle_40_70pct_reach,6.192428,38819861,301,3200000,770700,55,0.0578,0.3488,reach_mid,reach_mid,high_20_40pct_reach,672167120,middle_40_70pct_reach,107051073,0.8407,high,-1,863,301,87,486,305,88,481,13,0,3,10,7,https://www.tiktok.com/@goldeneaglelogtimber/video/7130212114853039406,"Welcome to the Timber Lake, our hottest trending floor plan! 🔥 Watch the full tour on youtube! Link bio #luxury #timberframe #newhome #homeideas #floorplans #loghouse #cabin #hometour #curbappeal #warmandcozy #woodenhous",,,stock_high__reach_low,高存量低触达：自产自销/虚假繁荣候选,stock_high__reach_low,middle_40_70pct_reach,70719861,False,False,-31900000,P0_manual_false_breakout,manual-corrected stock×reach matrix; reviewed videos override auto labels; unreviewed videos keep auto labels
38,端午节,Dragon Boat festival,RL,节庆民俗,clean,8891,long_tail,stock_mid,端午节,high_20_40pct_reach,high_20_40pct_reach,6.596426,111202009,388,48300000,729770,81,0.3104,0.4899,reach_high,reach_high,lower_70_90pct_reach,358198018,middle_40_70pct_reach,215263996,0.399,medium,2,792,416,187,226,416,187,226,1,0,0,1,0,https://www.tiktok.com/@art6859/video/7378664738378517806,端午安康#dominoeffect #domino #foryou ,,,stock_low__reach_high,低存量高触达：小而精破圈候选,stock_low__reach_low,middle_40_70pct_reach,111202009,True,True,0,P1_low_stock_high_reach,manual-corrected stock×reach matrix; reviewed videos override auto labels; unreviewed videos keep auto labels
39,妈祖信俗,Mazu belief and customs,RL,民俗信仰,clean,13995,mid,stock_high,mazu,middle_40_70pct_reach,middle_40_70pct_reach,6.305812,46836788,216,4100000,1175000,54,0.1637,0.4737,reach_mid,reach_mid,lower_70_90pct_reach,286145813,middle_40_70pct_reach,51153851,0.8212,high,1,456,219,16,225,222,18,220,9,0,0,9,5,https://www.tiktok.com/@sury9201/video/7611006409509063956,#douyin抖音 #Mazu #china ,,,stock_high__reach_low,高存量低触达：自产自销/虚假繁荣候选,stock_high__reach_low,middle_40_70pct_reach,68236788,False,False,-21400000,P0_manual_false_breakout,manual-corrected stock×reach matrix; reviewed videos override auto labels; unreviewed videos keep auto labels
40,中国雕版印刷技艺,China engraved block printing technique,RL,传统手工艺,clean,31993,mid,stock_high,blockprinting,middle_40_70pct_reach,middle_40_70pct_reach,6.515677,93351113,229,24400000,907880,42,0.2568,0.3373,reach_mid,reach_mid,lower_70_90pct_reach,363578958,middle_40_70pct_reach,105402086,0.7101,high,1,679,230,50,415,229,51,415,10,3,1,6,6,https://www.tiktok.com/@explore.china6/video/7322759248818081055,#handcraft #handmade #fyp #learnontiktok #chineseculture ,,,stock_high__reach_low,高存量低触达：自产自销/虚假繁荣候选,stock_high__reach_low,middle_40_70pct_reach,62551113,False,False,30800000,P0_stock_high_reach_low,manual-corrected stock×reach matrix; reviewed videos override auto labels; unreviewed videos keep auto labels
41,昆曲,Kun Qu opera,RL,表演艺术(戏曲),clean,844,near_invisible,stock_low,昆曲,lower_70_90pct_reach,lower_70_90pct_reach,5.448381,6347962,262,680000,122255,15,0.0276,0.4246,reach_low,reach_low,bottom_10pct_reach,230243040,lower_70_90pct_reach,13866840,0.9398,high,1,617,316,56,311,320,58,305,11,0,0,11,6,https://www.tiktok.com/@visitbeijing/video/7617774406609243406,"Kunqu Opera—older than Peking opera, slower, more intricate. The kind of singing where a single phrase can stretch into something unexpected. Our host got up and tried to learn a few lines with the performers. It did not",,,stock_low__reach_low,低存量低触达：近乎隐形候选,stock_low__reach_low,lower_70_90pct_reach,10507062,False,False,-4159100,P0_manual_false_breakout,manual-corrected stock×reach matrix; reviewed videos override auto labels; unreviewed videos keep auto labels
42,古琴艺术,Guqin and its music,RL,表演艺术(音乐),clean,9346,long_tail,stock_mid,guqin,high_20_40pct_reach,high_20_40pct_reach,6.625024,106426001,276,20200000,1400000,107,0.3188,0.5667,reach_high,reach_high,middle_40_70pct_reach,333838031,middle_40_70pct_reach,133835279,0.5991,high,1,487,315,80,165,314,85,161,12,6,0,6,9,https://www.tiktok.com/@mizdramaholic/video/7485060943156694303,The Orchid Pavilion #兰亭序 #Guzheng #古筝 #iguzheng #guzhengmaster ,,,stock_low__reach_high,低存量高触达：小而精破圈候选,stock_low__reach_high,high_20_40pct_reach,124226001,False,False,-17800000,P1_low_stock_high_reach,manual-corrected stock×reach matrix; reviewed videos override auto labels; unreviewed videos keep auto labels
43,新疆维吾尔木卡姆艺术,Uyghur Muqam of Xinjiang,RL,表演艺术(音乐),clean,7108,long_tail,stock_mid,muqam,lower_70_90pct_reach,lower_70_90pct_reach,5.666286,6692744,86,1000000,390100,15,0.034,0.1657,reach_low,reach_low,bottom_10pct_reach,196603306,bottom_10pct_reach,9933070,0.9495,high,1,519,91,57,383,93,59,379,12,1,0,11,4,https://www.tiktok.com/@fangxiaojieaizhuiju/video/7641792081266035988,萬桐書決心獨自留守邊疆，執心潛心研習收錄木卡姆珍貴樂曲文化#我們愛追劇 #劇分享 #陸劇 #芳小姐愛追劇,,,stock_low__reach_low,低存量低触达：近乎隐形候选,stock_low__reach_low,lower_70_90pct_reach,9592744,False,False,-2900000,P0_noise_or_tier_drop,manual-corrected stock×reach matrix; reviewed videos override auto labels; unreviewed videos keep auto labels
44,蒙古族长调民歌,"Urtiin Duu, traditional folk long song",RL,表演艺术(音乐),clean,21,near_invisible,stock_low,urtiinduu,middle_40_70pct_reach,middle_40_70pct_reach,6.575637,153711277,65,81000000,528500,17,0.1495,0.1053,reach_mid,reach_mid,top_20pct_reach,1028040693,middle_40_70pct_reach,154089817,0.8501,high,-2,617,66,16,543,67,18,540,13,3,0,10,9,https://www.tiktok.com/@erklen/video/7544518597226401037,throat singing chicken 2  #throatsinging #throatsing #mongolianthroatsinging #erklen #berkleecollegeofmusic ,,,stock_low__reach_low,低存量低触达：近乎隐形候选,stock_low__reach_low,lower_70_90pct_reach,7254977,False,True,146456300,P0_noise_or_tier_drop,manual-corrected stock×reach matrix; reviewed videos override auto labels; unreviewed videos keep auto labels
