project_id,project_name,project_name_en,list_type,category,stock_band,scale_video_count_best,scale_video_count_tier,before_likely_total_play,before_rowlabel_likely_total_play,signal_likely_total_play,filtered_out_no_china_signal_play,absolute_play_drop,play_retention_ratio,play_drop_ratio,before_likely_unique_videos,signal_likely_unique_videos,filtered_out_no_china_signal_unique_videos,likely_rows,no_china_signal_likely_rows,no_china_signal_unique_ratio,no_china_signal_play_ratio_rowlabel,no_china_signal_row_ratio,before_likely_reach_tier,before_quadrant,before_quadrant_label,signal_likely_median_play,signal_likely_mean_play,signal_likely_p75_play,signal_likely_p90_play,signal_likely_p95_play,signal_likely_p99_play,signal_likely_max_play,signal_likely_videos_ge_1k,signal_likely_videos_ge_10k,signal_likely_videos_ge_100k,signal_likely_videos_ge_1m,signal_likely_top_video_id,signal_likely_top_video_url,signal_likely_top_video_desc,filter_note,signal_likely_reach_tier,signal_likely_reach_score,signal_reach_band,signal_quadrant,signal_quadrant_label,quadrant_changed_after_signal_filter,reach_tier_changed_after_signal_filter,reach_tier_delta_after_signal_filter,high_noise_gt50pct_no_china_signal
1,春节,"Spring Festival, social practices of the Chinese people in celebration of traditional new year",RL,节庆民俗,stock_high,640926,head,1190216794,1190216794,1163181075,27035719,27035719,0.9773,0.0227,900,851,49,1032,49,0.0544,0.0227,0.0475,top_20pct_reach,stock_high__reach_high,真·规模化出海候选,221600,1366840,910000,3100000,7050000,20950000,37300000,787,698,534,201,7608687823369047310,https://www.tiktok.com/@mcplaygt/video/7608687823369047310,So anyone else got this much or less? 😭 #mcplaygt #fyp #skit #lunarnewyear #comedy ,经中国信号过滤（china_context_hit 或 has_cjk_desc），但未全量人工核查；中低播放段可能仍有残余噪声。文本撞词噪声（如 papercut/calligraphy/taichi 等）可有效识别并过滤；残余误差主要来自无文本线索、纯画面是中国非遗的视频，文本方法无法判定。,top_20pct_reach,7.35702,reach_high,stock_high__reach_high,真·规模化出海候选,False,False,0,False
34,中国书法,Chinese calligraphy,RL,传统手工艺/视觉艺术,stock_high,1715067,head,842210064,842210064,206171778,636038286,636038286,0.2448,0.7552,402,214,188,408,188,0.4677,0.7552,0.4608,top_20pct_reach,stock_high__reach_high,真·规模化出海候选,21300,963420,179400,1200000,4470000,14814000,43300000,177,127,71,28,7611562397962128654,https://www.tiktok.com/@mmmmovie18/video/7611562397962128654,I’m tired 🥱#WritingASMR #sleepaide #studyaesthetic #chinesecalligraphyart #learnontiktok ,经中国信号过滤（china_context_hit 或 has_cjk_desc），但未全量人工核查；中低播放段可能仍有残余噪声。文本撞词噪声（如 papercut/calligraphy/taichi 等）可有效识别并过滤；残余误差主要来自无文本线索、纯画面是中国非遗的视频，文本方法无法判定。,top_20pct_reach,6.950619,reach_high,stock_high__reach_high,真·规模化出海候选,False,False,0,False
2,中国传统制茶技艺及其相关习俗,Traditional tea processing techniques and associated social practices in China,RL,手工艺/民俗,stock_high,16140,mid,143086500,143086500,139669216,3417284,3417284,0.9761,0.0239,473,416,57,640,88,0.1205,0.0239,0.1375,high_20_40pct_reach,stock_high__reach_high,真·规模化出海候选,7684,335743,140900,901100,1800000,4125000,14500000,307,200,116,39,7569553905730768142,https://www.tiktok.com/@tk25145156z/video/7569553905730768142,中国茶道知多少？让南方小牛牛给你们展示下吧#召唤茶友 #传统文化 #中国功夫茶 #茶文化茶生活以茶會友 ,经中国信号过滤（china_context_hit 或 has_cjk_desc），但未全量人工核查；中低播放段可能仍有残余噪声。文本撞词噪声（如 papercut/calligraphy/taichi 等）可有效识别并过滤；残余误差主要来自无文本线索、纯画面是中国非遗的视频，文本方法无法判定。,high_20_40pct_reach,6.679223,reach_high,stock_high__reach_high,真·规模化出海候选,False,False,0,False
3,太极拳,Taijiquan,RL,传统体育/养生,stock_high,210873,head,248769168,248769168,115211676,133557492,133557492,0.4631,0.5369,377,219,158,427,163,0.4191,0.5369,0.3817,top_20pct_reach,stock_high__reach_high,真·规模化出海候选,24300,526081,257900,953120,1620000,8612000,33400000,193,130,89,22,7555853013085130002,https://www.tiktok.com/@tairi46/video/7555853013085130002,姫にダンスを操られる俺たち🎽@TAICHI（筋達磨）💪👹 @中島 結音（ゆのん） ,经中国信号过滤（china_context_hit 或 has_cjk_desc），但未全量人工核查；中低播放段可能仍有残余噪声。文本撞词噪声（如 papercut/calligraphy/taichi 等）可有效识别并过滤；残余误差主要来自无文本线索、纯画面是中国非遗的视频，文本方法无法判定。,top_20pct_reach,6.695028,reach_high,stock_high__reach_high,真·规模化出海候选,False,False,0,False
40,中国雕版印刷技艺,China engraved block printing technique,RL,传统手工艺,stock_high,31993,mid,93351113,93351113,51906961,41444152,41444152,0.556,0.444,229,10,219,230,219,0.9563,0.444,0.9522,middle_40_70pct_reach,stock_high__reach_low,高存量低触达：自产自销/虚假繁荣候选,37150,5190696,3207825,23140000,23770000,24274000,24400000,6,6,4,3,7322759248818081055,https://www.tiktok.com/@explore.china6/video/7322759248818081055,#handcraft #handmade #fyp #learnontiktok #chineseculture ,经中国信号过滤（china_context_hit 或 has_cjk_desc），但未全量人工核查；中低播放段可能仍有残余噪声。文本撞词噪声（如 papercut/calligraphy/taichi 等）可有效识别并过滤；残余误差主要来自无文本线索、纯画面是中国非遗的视频，文本方法无法判定。,top_20pct_reach,6.829314,reach_high,stock_high__reach_high,真·规模化出海候选,True,True,2,True
36,中国剪纸,Chinese paper-cut,RL,传统手工艺,stock_high,28432,mid,205339021,205339021,28757474,176581547,176581547,0.14,0.86,300,110,190,325,194,0.6333,0.86,0.5969,high_20_40pct_reach,stock_high__reach_high,真·规模化出海候选,824,261432,9030,272970,738985,6676000,11200000,50,27,15,5,7563623269182524703,https://www.tiktok.com/@wu.mo1/video/7563623269182524703,Paper-cutting Art for Chinese military dance source:二次刀客～李好人 #fyp #Chinese #military #dance #papercut ,经中国信号过滤（china_context_hit 或 has_cjk_desc），但未全量人工核查；中低播放段可能仍有残余噪声。文本撞词噪声（如 papercut/calligraphy/taichi 等）可有效识别并过滤；残余误差主要来自无文本线索、纯画面是中国非遗的视频，文本方法无法判定。,middle_40_70pct_reach,6.194841,reach_low,stock_high__reach_low,高存量低触达：自产自销/虚假繁荣候选,True,True,-1,True
39,妈祖信俗,Mazu belief and customs,RL,民俗信仰,stock_high,13995,mid,46836788,46836788,25059404,21777384,21777384,0.535,0.465,216,136,80,219,80,0.3704,0.465,0.3653,middle_40_70pct_reach,stock_high__reach_low,高存量低触达：自产自销/虚假繁荣候选,8346,184260,99425,534950,781975,3155000,4100000,90,66,34,5,7611006409509063956,https://www.tiktok.com/@sury9201/video/7611006409509063956,#douyin抖音 #Mazu #china ,经中国信号过滤（china_context_hit 或 has_cjk_desc），但未全量人工核查；中低播放段可能仍有残余噪声。文本撞词噪声（如 papercut/calligraphy/taichi 等）可有效识别并过滤；残余误差主要来自无文本线索、纯画面是中国非遗的视频，文本方法无法判定。,middle_40_70pct_reach,6.129221,reach_low,stock_high__reach_low,高存量低触达：自产自销/虚假繁荣候选,False,False,0,False
37,中国传统木结构建筑营造技艺,Chinese traditional architectural craftsmanship for timber-framed structures,RL,传统手工艺/建筑,stock_high,16173,mid,38819861,38819861,12786624,26033237,26033237,0.3294,0.6706,301,158,143,301,143,0.4751,0.6706,0.4751,middle_40_70pct_reach,stock_high__reach_low,高存量低触达：自产自销/虚假繁荣候选,544,80928,39275,156530,417760,1203828,2100000,71,55,24,2,7569222377620409622,https://www.tiktok.com/@voltrex44/video/7569222377620409622,How Family Growth Shaped Traditional Chinese Architecture 🤯 #architecture #engineering #design #3danimation #LearnOnTikTok ,经中国信号过滤（china_context_hit 或 has_cjk_desc），但未全量人工核查；中低播放段可能仍有残余噪声。文本撞词噪声（如 papercut/calligraphy/taichi 等）可有效识别并过滤；残余误差主要来自无文本线索、纯画面是中国非遗的视频，文本方法无法判定。,middle_40_70pct_reach,5.858927,reach_low,stock_high__reach_low,高存量低触达：自产自销/虚假繁荣候选,False,False,0,False
30,玛纳斯,Manas,RL,口头传统/史诗,stock_high,103875,head,101345094,101345094,2891108,98453986,98453986,0.0285,0.9715,89,10,79,90,80,0.8876,0.9715,0.8889,high_20_40pct_reach,stock_high__reach_high,真·规模化出海候选,4337,289111,336700,533980,1216990,1763398,1900000,6,4,4,1,7279478142178315566,https://www.tiktok.com/@vkeifan7/video/7279478142178315566,#malicemizer #manasama #visualkei #vkei #v系 #ヴィジュアル系 #fyp ,经中国信号过滤（china_context_hit 或 has_cjk_desc），但未全量人工核查；中低播放段可能仍有残余噪声。文本撞词噪声（如 papercut/calligraphy/taichi 等）可有效识别并过滤；残余误差主要来自无文本线索、纯画面是中国非遗的视频，文本方法无法判定。,middle_40_70pct_reach,5.716871,reach_low,stock_high__reach_low,高存量低触达：自产自销/虚假繁荣候选,True,True,-1,True
23,南京云锦织造技艺,Craftsmanship of Nanjing Yunjin brocade,RL,传统手工艺,stock_high,603357,head,101751989,101751989,659994,101091995,101091995,0.0065,0.9935,207,40,167,216,167,0.8068,0.9935,0.7731,high_20_40pct_reach,stock_high__reach_high,真·规模化出海候选,476,16500,3478,19750,49725,254110,254500,17,6,2,0,7636714170875940109,https://www.tiktok.com/@leeknowsthirdcat/video/7636714170875940109,People have done it I know that for a fact #yunjin #kpop #fyp #viral #kpopfypシ ,经中国信号过滤（china_context_hit 或 has_cjk_desc），但未全量人工核查；中低播放段可能仍有残余噪声。文本撞词噪声（如 papercut/calligraphy/taichi 等）可有效识别并过滤；残余误差主要来自无文本线索、纯画面是中国非遗的视频，文本方法无法判定。,lower_70_90pct_reach,4.809493,reach_low,stock_high__reach_low,高存量低触达：自产自销/虚假繁荣候选,True,True,-2,True
14,京剧,Peking opera,RL,表演艺术(戏曲),stock_mid,7633,long_tail,344408249,344408249,277040345,67367904,67367904,0.8044,0.1956,364,299,65,491,67,0.1786,0.1956,0.1365,top_20pct_reach,stock_low__reach_high,低存量高触达：小而精破圈候选,59300,926556,315450,1540000,2910000,17900000,57700000,264,210,127,39,7205388003118697770,https://www.tiktok.com/@musicwang136/video/7205388003118697770,#chinese #京剧 #foryou ,经中国信号过滤（china_context_hit 或 has_cjk_desc），但未全量人工核查；中低播放段可能仍有残余噪声。文本撞词噪声（如 papercut/calligraphy/taichi 等）可有效识别并过滤；残余误差主要来自无文本线索、纯画面是中国非遗的视频，文本方法无法判定。,top_20pct_reach,6.980209,reach_high,stock_low__reach_high,低存量高触达：小而精破圈候选,False,False,0,False
13,中国木活字印刷术,Wooden movable-type printing of China,USL,传统手工艺,stock_low,171,near_invisible,140944338,140944338,133459735,7484603,7484603,0.9469,0.0531,66,38,28,70,28,0.4242,0.0531,0.4,top_20pct_reach,stock_low__reach_high,低存量高触达：小而精破圈候选,11400,3512098,79850,11330000,25645000,42150000,47700000,26,20,9,6,7404039857405742344,https://www.tiktok.com/@xiedapao88/video/7404039857405742344,中国四大发明之一：活字印刷术。一起来感受中国传统文化的魅力！One of the four great inventions of China: movable type printing. Let's feel the charm of traditional Chinese culture!#活字印刷术 #中国传统文化 #中国非物质文化遗产 #传统文化 #中国传统文化 #传统手艺 #传统手工艺 #中国非物质 #传统艺人#传统手工艺人,经中国信号过滤（china_context_hit 或 has_cjk_desc），但未全量人工核查；中低播放段可能仍有残余噪声。文本撞词噪声（如 papercut/calligraphy/taichi 等）可有效识别并过滤；残余误差主要来自无文本线索、纯画面是中国非遗的视频，文本方法无法判定。,top_20pct_reach,7.072727,reach_high,stock_low__reach_high,低存量高触达：小而精破圈候选,False,False,0,False
31,蒙古族呼麦,"Mongolian art of singing, Khoomei",RL,表演艺术(音乐),stock_low,902,near_invisible,320266425,320266425,120833953,199432472,199432472,0.3773,0.6227,162,68,94,166,97,0.5802,0.6227,0.5843,top_20pct_reach,stock_low__reach_high,低存量高触达：小而精破圈候选,568300,1776970,1150000,5480000,8725000,14624000,16500000,59,56,45,18,7609142090504637709,https://www.tiktok.com/@karandoesntsing/video/7609142090504637709,im in a very chinese time of my life #singing #fyp #chinesethroatsinging #funny #lol ,经中国信号过滤（china_context_hit 或 has_cjk_desc），但未全量人工核查；中低播放段可能仍有残余噪声。文本撞词噪声（如 papercut/calligraphy/taichi 等）可有效识别并过滤；残余误差主要来自无文本线索、纯画面是中国非遗的视频，文本方法无法判定。,top_20pct_reach,6.867807,reach_high,stock_low__reach_high,低存量高触达：小而精破圈候选,False,False,0,True
38,端午节,Dragon Boat festival,RL,节庆民俗,stock_mid,8891,long_tail,111202009,111202009,99282987,11919022,11919022,0.8928,0.1072,388,304,84,416,84,0.2165,0.1072,0.2019,high_20_40pct_reach,stock_low__reach_high,低存量高触达：小而精破圈候选,2981,326589,57500,353920,730130,3485000,48300000,174,114,64,13,7378664738378517806,https://www.tiktok.com/@art6859/video/7378664738378517806,端午安康#dominoeffect #domino #foryou ,经中国信号过滤（china_context_hit 或 has_cjk_desc），但未全量人工核查；中低播放段可能仍有残余噪声。文本撞词噪声（如 papercut/calligraphy/taichi 等）可有效识别并过滤；残余误差主要来自无文本线索、纯画面是中国非遗的视频，文本方法无法判定。,high_20_40pct_reach,6.569177,reach_high,stock_low__reach_high,低存量高触达：小而精破圈候选,False,False,0,False
27,龙泉青瓷传统烧制技艺,Traditional firing technology of Longquan celadon,RL,传统手工艺,stock_low,657,near_invisible,112095917,112095917,83540883,28555034,28555034,0.7453,0.2547,278,115,163,295,164,0.5863,0.2547,0.5559,high_20_40pct_reach,stock_low__reach_high,低存量高触达：小而精破圈候选,3124,726442,51350,288180,1026240,17642000,46100000,74,47,21,6,7569629481434975502,https://www.tiktok.com/@shanbai09/video/7569629481434975502,"龙泉青瓷 Longquan Celadon | Originated in the Five Dynasties, flourished in the Song Dynasty, crafted in Longquan (Zhejiang) with its iconic celadon glaze, a treasure of Chinese porcelain. #traditional #handmade #chinesecraf",经中国信号过滤（china_context_hit 或 has_cjk_desc），但未全量人工核查；中低播放段可能仍有残余噪声。文本撞词噪声（如 papercut/calligraphy/taichi 等）可有效识别并过滤；残余误差主要来自无文本线索、纯画面是中国非遗的视频，文本方法无法判定。,high_20_40pct_reach,6.543584,reach_high,stock_low__reach_high,低存量高触达：小而精破圈候选,False,False,0,True
15,中医针灸,Acupuncture and moxibustion of traditional Chinese medicine,RL,传统医药,stock_mid,7351,long_tail,245199475,245199475,83059049,162140426,162140426,0.3387,0.6613,365,163,202,381,204,0.5534,0.6613,0.5354,top_20pct_reach,stock_low__reach_high,低存量高触达：小而精破圈候选,20300,509565,297950,1580000,2370000,6590000,8900000,127,98,61,21,7344634658136591618,https://www.tiktok.com/@tcmbycheehee/video/7344634658136591618,"Ep. 1: Stuffy Nose 🤧⤵️ I’m Chee Hee, a Chinese Medicine student and I’m graduating this year! Before that, I want to take you on this journey with me and learn different acupuncture points in your body that you can massa",经中国信号过滤（china_context_hit 或 has_cjk_desc），但未全量人工核查；中低播放段可能仍有残余噪声。文本撞词噪声（如 papercut/calligraphy/taichi 等）可有效识别并过滤；残余误差主要来自无文本线索、纯画面是中国非遗的视频，文本方法无法判定。,high_20_40pct_reach,6.572065,reach_high,stock_low__reach_high,低存量高触达：小而精破圈候选,False,True,-1,True
42,古琴艺术,Guqin and its music,RL,表演艺术(音乐),stock_mid,9346,long_tail,106426001,106426001,81703950,24722051,24722051,0.7677,0.2323,276,224,52,315,52,0.1884,0.2323,0.1651,high_20_40pct_reach,stock_low__reach_high,低存量高触达：小而精破圈候选,34100,364750,207575,722910,1185000,4171000,20200000,181,138,87,16,7485060943156694303,https://www.tiktok.com/@mizdramaholic/video/7485060943156694303,The Orchid Pavilion #兰亭序 #Guzheng #古筝 #iguzheng #guzhengmaster ,经中国信号过滤（china_context_hit 或 has_cjk_desc），但未全量人工核查；中低播放段可能仍有残余噪声。文本撞词噪声（如 papercut/calligraphy/taichi 等）可有效识别并过滤；残余误差主要来自无文本线索、纯画面是中国非遗的视频，文本方法无法判定。,high_20_40pct_reach,6.550605,reach_high,stock_low__reach_high,低存量高触达：小而精破圈候选,False,False,0,False
24,宣纸传统制作技艺,Traditional handicrafts of making Xuan paper,RL,传统手工艺,stock_low,128,near_invisible,273472611,273472611,65962451,207510160,207510160,0.2412,0.7588,251,73,178,258,179,0.7092,0.7588,0.6938,top_20pct_reach,stock_low__reach_high,低存量高触达：小而精破圈候选,1711,903595,26400,748020,5320000,16012000,30700000,40,23,14,7,7277253237101677867,https://www.tiktok.com/@peter.pan810/video/7277253237101677867,"1000 years ago, the Chinese learned to make paper from bamboo. How was ancient paper made?#china #chineseculture #culture #handcraft #handwork #foryou #fyp #ancient ",经中国信号过滤（china_context_hit 或 has_cjk_desc），但未全量人工核查；中低播放段可能仍有残余噪声。文本撞词噪声（如 papercut/calligraphy/taichi 等）可有效识别并过滤；残余误差主要来自无文本线索、纯画面是中国非遗的视频，文本方法无法判定。,top_20pct_reach,6.70586,reach_high,stock_low__reach_high,低存量高触达：小而精破圈候选,False,False,0,True
25,粤剧,Yueju opera,RL,表演艺术(戏曲),stock_low,289,near_invisible,40755989,40755989,40755989,0,0,1.0,0.0,114,114,0,160,0,0.0,0.0,0.0,middle_40_70pct_reach,stock_low__reach_low,低存量低触达：近乎隐形候选,2348,357509,32150,155790,811800,4706000,27700000,67,39,15,3,7159021562836913454,https://www.tiktok.com/@maisieding6688/video/7159021562836913454,Emergency change makeup #fy #fyp #foryou #foryoupage #opera #pekingopera #china #chineseculture ,经中国信号过滤（china_context_hit 或 has_cjk_desc），但未全量人工核查；中低播放段可能仍有残余噪声。文本撞词噪声（如 papercut/calligraphy/taichi 等）可有效识别并过滤；残余误差主要来自无文本线索、纯画面是中国非遗的视频，文本方法无法判定。,high_20_40pct_reach,6.340782,reach_high,stock_low__reach_high,低存量高触达：小而精破圈候选,True,True,1,False
21,中国蚕桑丝织技艺,Sericulture and silk craftsmanship of China,RL,传统手工艺,stock_low,508,near_invisible,48894741,48894741,39407448,9487293,9487293,0.806,0.194,175,70,105,185,106,0.6,0.194,0.573,middle_40_70pct_reach,stock_low__reach_low,低存量低触达：近乎隐形候选,1703,562964,37950,319890,679390,12395000,29300000,40,29,14,2,7285420837681892639,https://www.tiktok.com/@peter.pan810/video/7285420837681892639,"5000 years ago, the Chinese learned to make quilts from the silk of the silkworm, which are breathable, light, and cozy.#culture #handcraft #handwork #fyp #foryou #ancient #china #chineseculture ",经中国信号过滤（china_context_hit 或 has_cjk_desc），但未全量人工核查；中低播放段可能仍有残余噪声。文本撞词噪声（如 papercut/calligraphy/taichi 等）可有效识别并过滤；残余误差主要来自无文本线索、纯画面是中国非遗的视频，文本方法无法判定。,high_20_40pct_reach,6.310677,reach_high,stock_low__reach_high,低存量高触达：小而精破圈候选,True,True,1,True
11,麦西热甫,Meshrep,USL,表演艺术/民俗,stock_low,54,near_invisible,61411002,61411002,32141951,29269051,29269051,0.5234,0.4766,91,41,50,91,50,0.5495,0.4766,0.5495,middle_40_70pct_reach,stock_low__reach_high,低存量高触达：小而精破圈候选,269900,783950,1200000,2100000,2500000,3800000,4200000,41,37,27,13,7293368479342726408,https://www.tiktok.com/@vincentmklee/video/7293368479342726408,This girl is from Xinjiang and she is a Uyghur. Wanna visit Xinjiang? 😉 #xinjiang #xinjiangchina #xinjianguyghurs🇨🇳 #uyghur #uyghurs #uyghurpeople #uyghurgirl #china ,经中国信号过滤（china_context_hit 或 has_cjk_desc），但未全量人工核查；中低播放段可能仍有残余噪声。文本撞词噪声（如 papercut/calligraphy/taichi 等）可有效识别并过滤；残余误差主要来自无文本线索、纯画面是中国非遗的视频，文本方法无法判定。,high_20_40pct_reach,6.33612,reach_high,stock_low__reach_high,低存量高触达：小而精破圈候选,False,True,1,True
18,羌年,Qiang New Year festival,USL,节庆民俗,stock_low,7,near_invisible,38667397,38667397,29202414,9464983,9464983,0.7552,0.2448,104,72,32,104,32,0.3077,0.2448,0.3077,middle_40_70pct_reach,stock_low__reach_low,低存量低触达：近乎隐形候选,9650,405589,95825,527480,1545000,7322000,8600000,44,36,18,6,7595297313250135304,https://www.tiktok.com/@qiangchinatravel/video/7595297313250135304,Nhà của Dai Dai đón khách nhiều tới nỗi bố mẹ không muốn ra khỏi phòng nữa vì quá mệt . ăn tết có 2 ngày giờ thành 4 ngày còn chưa hết người #qiangchina #chinatravel #tourchina #daidaitrungquoc #呆呆 ,经中国信号过滤（china_context_hit 或 has_cjk_desc），但未全量人工核查；中低播放段可能仍有残余噪声。文本撞词噪声（如 papercut/calligraphy/taichi 等）可有效识别并过滤；残余误差主要来自无文本线索、纯画面是中国非遗的视频，文本方法无法判定。,high_20_40pct_reach,6.293797,reach_high,stock_low__reach_high,低存量高触达：小而精破圈候选,True,True,1,False
35,中国篆刻,Art of Chinese seal engraving,RL,传统手工艺,stock_mid,2885,long_tail,56311812,56311812,42838394,13473418,13473418,0.7607,0.2393,321,243,78,343,78,0.243,0.2393,0.2274,middle_40_70pct_reach,stock_low__reach_low,低存量低触达：近乎隐形候选,702,176290,6592,69080,456190,3028000,19700000,101,54,20,8,7624096912974564621,https://www.tiktok.com/@craftheritage/video/7624096912974564621,"Longquan Ge Kiln is one of the Five Great Kilns of the Song Dynasty in China, famous for its distinctive crackle glaze (called ""gold thread and iron wire""). known for elegant shapes, subtle grayish-green or bluish tones,",经中国信号过滤（china_context_hit 或 has_cjk_desc），但未全量人工核查；中低播放段可能仍有残余噪声。文本撞词噪声（如 papercut/calligraphy/taichi 等）可有效识别并过滤；残余误差主要来自无文本线索、纯画面是中国非遗的视频，文本方法无法判定。,middle_40_70pct_reach,6.242958,reach_low,stock_low__reach_low,低存量低触达：近乎隐形候选,False,False,0,False
6,二十四节气,"The Twenty-Four Solar Terms, knowledge in China of time and practices developed through observation of the sun's annual motion",RL,传统知识/民俗,stock_mid,2636,long_tail,22500849,22500849,22291143,209706,209706,0.9907,0.0093,188,167,21,200,24,0.1117,0.0093,0.12,middle_40_70pct_reach,stock_low__reach_low,低存量低触达：近乎隐形候选,1363,133480,30400,356760,815890,2068000,2300000,90,54,30,7,7615588769760038165,https://www.tiktok.com/@zeianz/video/7615588769760038165,Year of the Goat/Sheep !!  🐐 🐑 #chinesecalendar #chinesezodiac #trending #fypp #xybzca ib : @Loveclouds,经中国信号过滤（china_context_hit 或 has_cjk_desc），但未全量人工核查；中低播放段可能仍有残余噪声。文本撞词噪声（如 papercut/calligraphy/taichi 等）可有效识别并过滤；残余误差主要来自无文本线索、纯画面是中国非遗的视频，文本方法无法判定。,middle_40_70pct_reach,6.062399,reach_low,stock_low__reach_low,低存量低触达：近乎隐形候选,False,False,0,False
7,中国珠算,"Chinese Zhusuan, knowledge and practices of mathematical calculation through the abacus",RL,传统知识,stock_low,304,near_invisible,169744719,169744719,20231271,149513448,149513448,0.1192,0.8808,214,46,168,216,168,0.785,0.8808,0.7778,high_20_40pct_reach,stock_low__reach_high,低存量高触达：小而精破圈候选,6282,439810,592200,1350000,1925000,4070000,5600000,34,20,15,8,7527496138711158024,https://www.tiktok.com/@mothershipsg/video/7527496138711158024,"not me pressing 2+2 on the calculator just to be sure The two boys from China were competing in a mental sum compeition in Zhengzhou, Henan province on July 13. The competition was jointly organized by 35 organisations a",经中国信号过滤（china_context_hit 或 has_cjk_desc），但未全量人工核查；中低播放段可能仍有残余噪声。文本撞词噪声（如 papercut/calligraphy/taichi 等）可有效识别并过滤；残余误差主要来自无文本线索、纯画面是中国非遗的视频，文本方法无法判定。,middle_40_70pct_reach,6.226709,reach_low,stock_low__reach_low,低存量低触达：近乎隐形候选,True,True,-1,True
16,黎族传统纺染织绣技艺,"Traditional Li textile techniques: spinning, dyeing, weaving and embroidering",USL,传统手工艺,stock_low,48,near_invisible,17747302,17747302,13259814,4487488,4487488,0.7471,0.2529,82,61,21,84,21,0.2561,0.2529,0.25,middle_40_70pct_reach,stock_low__reach_low,低存量低触达：近乎隐形候选,856,217374,31000,220900,525600,4620000,5400000,29,19,11,3,7409140339413470495,https://www.tiktok.com/@littleturtlelisa/video/7409140339413470495,Li Brocade Show#hainan #littleturtlelisa #tourofhainan #cycling #cycle ,经中国信号过滤（china_context_hit 或 has_cjk_desc），但未全量人工核查；中低播放段可能仍有残余噪声。文本撞词噪声（如 papercut/calligraphy/taichi 等）可有效识别并过滤；残余误差主要来自无文本线索、纯画面是中国非遗的视频，文本方法无法判定。,middle_40_70pct_reach,5.949515,reach_low,stock_low__reach_low,低存量低触达：近乎隐形候选,False,False,0,False
20,西安鼓乐,Xi'an wind and percussion ensemble,RL,表演艺术(音乐),stock_low,9,near_invisible,10852555,10852555,10174920,677635,677635,0.9376,0.0624,52,49,3,55,3,0.0577,0.0624,0.0545,middle_40_70pct_reach,stock_low__reach_low,低存量低触达：近乎隐形候选,27200,207651,76100,371020,1320000,2580000,3300000,38,32,10,4,7343513140216237313,https://www.tiktok.com/@joejun0/video/7343513140216237313,"🇲🇾 2024 新山福州十邑会馆舞龍队 鼓乐篇 可爱的是那个女孩 打一下拔头发飞一下🤣🤣🤣凉爽 哈哈哈 其实有一幕小姐姐笑起来真好看😍 Drum music The cute thing is that girl. Hit it and pull out her hair and it will fly🤣🤣🤣It’s cool, hahaha In fact, there is a scene where the young lady ",经中国信号过滤（china_context_hit 或 has_cjk_desc），但未全量人工核查；中低播放段可能仍有残余噪声。文本撞词噪声（如 papercut/calligraphy/taichi 等）可有效识别并过滤；残余误差主要来自无文本线索、纯画面是中国非遗的视频，文本方法无法判定。,middle_40_70pct_reach,6.002679,reach_low,stock_low__reach_low,低存量低触达：近乎隐形候选,False,False,0,False
22,南音,Nanyin,RL,表演艺术(音乐),stock_low,854,near_invisible,14314705,14314705,10011056,4303649,4303649,0.6994,0.3006,129,79,50,140,50,0.3876,0.3006,0.3571,lower_70_90pct_reach,stock_low__reach_low,低存量低触达：近乎隐形候选,16800,126722,71050,547440,699840,1200000,1200000,63,41,16,2,7232797979835370794,https://www.tiktok.com/@nanf_music/video/7232797979835370794,#music #fyp #我要上推薦 #音樂 #粉丝 ,经中国信号过滤（china_context_hit 或 has_cjk_desc），但未全量人工核查；中低播放段可能仍有残余噪声。文本撞词噪声（如 papercut/calligraphy/taichi 等）可有效识别并过滤；残余误差主要来自无文本线索、纯画面是中国非遗的视频，文本方法无法判定。,middle_40_70pct_reach,5.834799,reach_low,stock_low__reach_low,低存量低触达：近乎隐形候选,False,True,1,False
10,中国皮影戏,Chinese shadow puppetry,RL,表演艺术,stock_low,935,near_invisible,13264017,13264017,8934426,4329591,4329591,0.6736,0.3264,163,111,52,192,53,0.319,0.3264,0.276,lower_70_90pct_reach,stock_low__reach_low,低存量低触达：近乎隐形候选,812,80490,7267,55600,132000,2417090,3300000,53,27,7,2,7017719800428285185,https://www.tiktok.com/@pandatalk_/video/7017719800428285185,An art of using shadows-Chinese shadow puppetry!#china #foryou #fyp #tiktok #shadow,经中国信号过滤（china_context_hit 或 has_cjk_desc），但未全量人工核查；中低播放段可能仍有残余噪声。文本撞词噪声（如 papercut/calligraphy/taichi 等）可有效识别并过滤；残余误差主要来自无文本线索、纯画面是中国非遗的视频，文本方法无法判定。,middle_40_70pct_reach,5.619087,reach_low,stock_low__reach_low,低存量低触达：近乎隐形候选,False,True,1,False
41,昆曲,Kun Qu opera,RL,表演艺术(戏曲),stock_low,844,near_invisible,6347962,6347962,3023726,3324236,3324236,0.4763,0.5237,262,197,65,316,72,0.2481,0.5237,0.2278,lower_70_90pct_reach,stock_low__reach_low,低存量低触达：近乎隐形候选,1293,15349,2648,13100,59280,327520,680000,114,24,7,0,7617774406609243406,https://www.tiktok.com/@visitbeijing/video/7617774406609243406,"Kunqu Opera—older than Peking opera, slower, more intricate. The kind of singing where a single phrase can stretch into something unexpected. Our host got up and tried to learn a few lines with the performers. It did not",经中国信号过滤（china_context_hit 或 has_cjk_desc），但未全量人工核查；中低播放段可能仍有残余噪声。文本撞词噪声（如 papercut/calligraphy/taichi 等）可有效识别并过滤；残余误差主要来自无文本线索、纯画面是中国非遗的视频，文本方法无法判定。,middle_40_70pct_reach,5.195521,reach_low,stock_low__reach_low,低存量低触达：近乎隐形候选,False,True,1,False
28,热贡艺术,Regong arts,RL,传统手工艺/宗教艺术,stock_low,37,near_invisible,3997651,3997651,2463045,1534606,1534606,0.6161,0.3839,233,164,69,237,69,0.2961,0.3839,0.2911,lower_70_90pct_reach,stock_low__reach_low,低存量低触达：近乎隐形候选,865,15019,4854,30410,61555,285412,455500,76,32,7,0,7473271624385662254,https://www.tiktok.com/@thangka.painting/video/7473271624385662254,"#Thangka handmade painting, #religious art, #Tibetan Thangka",经中国信号过滤（china_context_hit 或 has_cjk_desc），但未全量人工核查；中低播放段可能仍有残余噪声。文本撞词噪声（如 papercut/calligraphy/taichi 等）可有效识别并过滤；残余误差主要来自无文本线索、纯画面是中国非遗的视频，文本方法无法判定。,middle_40_70pct_reach,5.135267,reach_low,stock_low__reach_low,低存量低触达：近乎隐形候选,False,True,1,False
33,中国朝鲜族农乐舞,Farmers' dance of China's Korean ethnic group,RL,表演艺术(舞蹈),stock_low,41,near_invisible,2671328,2671328,1190363,1480965,1480965,0.4456,0.5544,85,33,52,85,52,0.6118,0.5544,0.6118,lower_70_90pct_reach,stock_low__reach_low,低存量低触达：近乎隐形候选,19300,36072,74000,94380,105200,119484,123100,24,18,3,0,7292253771688643872,https://www.tiktok.com/@explorewithmia__/video/7292253771688643872,Introducing Ethnic Groups in China: Chaoxian People‼️ #fyp #trend #chinesewithmia #learnontiktok #mia_yilin #trending #chineseculture #china #chinesehistory #ethnic #ethnicwear #chinesegirls #chaoxianzu #chaoxianpeople #,经中国信号过滤（china_context_hit 或 has_cjk_desc），但未全量人工核查；中低播放段可能仍有残余噪声。文本撞词噪声（如 papercut/calligraphy/taichi 等）可有效识别并过滤；残余误差主要来自无文本线索、纯画面是中国非遗的视频，文本方法无法判定。,lower_70_90pct_reach,4.962453,reach_low,stock_low__reach_low,低存量低触达：近乎隐形候选,False,False,0,True
17,中国木拱桥传统营造技艺,Traditional design and practices for building Chinese wooden arch bridges,USL,传统手工艺/建筑,stock_low,13,near_invisible,4076393,4076393,1057600,3018793,3018793,0.2594,0.7406,188,57,131,190,131,0.6968,0.7406,0.6895,lower_70_90pct_reach,stock_low__reach_low,低存量低触达：近乎隐形候选,738,18554,5957,35500,94840,257000,395600,24,11,3,0,7595561107331370270,https://www.tiktok.com/@lminghei4/video/7595561107331370270,情，始于廊桥，终于廊桥。爱，融于灵魂，镌刻一生。#此情永不移 #nothingsgonnachangemylove #小提琴 #音乐 #好的音乐总能触动人的心灵 ,经中国信号过滤（china_context_hit 或 has_cjk_desc），但未全量人工核查；中低播放段可能仍有残余噪声。文本撞词噪声（如 papercut/calligraphy/taichi 等）可有效识别并过滤；残余误差主要来自无文本线索、纯画面是中国非遗的视频，文本方法无法判定。,lower_70_90pct_reach,5.030119,reach_low,stock_low__reach_low,低存量低触达：近乎隐形候选,False,False,0,True
43,新疆维吾尔木卡姆艺术,Uyghur Muqam of Xinjiang,RL,表演艺术(音乐),stock_mid,7108,long_tail,6692744,6692744,1051168,5641576,5641576,0.1571,0.8429,86,24,62,91,62,0.7209,0.8429,0.6813,lower_70_90pct_reach,stock_low__reach_low,低存量低触达：近乎隐形候选,585,43799,4150,7949,9345,772205,1000000,10,1,1,1,7641792081266035988,https://www.tiktok.com/@fangxiaojieaizhuiju/video/7641792081266035988,萬桐書決心獨自留守邊疆，執心潛心研習收錄木卡姆珍貴樂曲文化#我們愛追劇 #劇分享 #陸劇 #芳小姐愛追劇,经中国信号过滤（china_context_hit 或 has_cjk_desc），但未全量人工核查；中低播放段可能仍有残余噪声。文本撞词噪声（如 papercut/calligraphy/taichi 等）可有效识别并过滤；残余误差主要来自无文本线索、纯画面是中国非遗的视频，文本方法无法判定。,lower_70_90pct_reach,4.727407,reach_low,stock_low__reach_low,低存量低触达：近乎隐形候选,False,False,0,True
4,送王船,"Ong Chun/Wangchuan/Wangkang ceremony, rituals and related practices for maintaining the sustainable connection between man and the ocean",RL,民俗仪式,stock_mid,1302,long_tail,20773209,20773209,998332,19774877,19774877,0.0481,0.9519,142,34,108,145,108,0.7606,0.9519,0.7448,middle_40_70pct_reach,stock_low__reach_low,低存量低触达：近乎隐形候选,6177,29363,21525,89660,111990,253121,311300,22,16,2,0,7227622010489228546,https://www.tiktok.com/@xtouze/video/7227622010489228546,《叶问》之神仙下凡 次级英雄娄不凡 #叶问 #yewen  #咏春 #yongchun #特效  #搞笑  #西游记 #甄子丹 #zhenzidan,经中国信号过滤（china_context_hit 或 has_cjk_desc），但未全量人工核查；中低播放段可能仍有残余噪声。文本撞词噪声（如 papercut/calligraphy/taichi 等）可有效识别并过滤；残余误差主要来自无文本线索、纯画面是中国非遗的视频，文本方法无法判定。,lower_70_90pct_reach,5.013309,reach_low,stock_low__reach_low,低存量低触达：近乎隐形候选,False,True,-1,True
29,藏戏,Xizang opera,RL,表演艺术(戏曲),stock_low,808,near_invisible,1731170,1731170,954687,776483,776483,0.5515,0.4485,159,87,72,164,72,0.4528,0.4485,0.439,bottom_10pct_reach,stock_low__reach_low,低存量低触达：近乎隐形候选,1659,10973,9345,23860,67900,102112,124300,47,20,1,0,7536295636698713366,https://www.tiktok.com/@man0s_sw/video/7536295636698713366,Tibetan opera keep it steppin #tibetan #opera #dances #kham ,经中国信号过滤（china_context_hit 或 has_cjk_desc），但未全量人工核查；中低播放段可能仍有残余噪声。文本撞词噪声（如 papercut/calligraphy/taichi 等）可有效识别并过滤；残余误差主要来自无文本线索、纯画面是中国非遗的视频，文本方法无法判定。,lower_70_90pct_reach,4.833106,reach_low,stock_low__reach_low,低存量低触达：近乎隐形候选,False,True,1,False
5,藏医药浴法,"Lum medicinal bathing of Sowa Rigpa, knowledge and practices concerning life, health and illness prevention and treatment among the Xizang people in China",RL,传统医药,stock_low,256,near_invisible,1011447,1011447,803401,208046,208046,0.7943,0.2057,121,95,26,126,26,0.2149,0.2057,0.2063,bottom_10pct_reach,stock_low__reach_low,低存量低触达：近乎隐形候选,656,8457,2054,7808,45300,130056,282900,31,8,2,0,7126331545304059137,https://www.tiktok.com/@cleo_abrahams/video/7126331545304059137,This ancient tibetan medicine massage helped me with my insomnia 💆‍♀️ #asmr #massage #tibetanmassage #headmassage #insomnia,经中国信号过滤（china_context_hit 或 has_cjk_desc），但未全量人工核查；中低播放段可能仍有残余噪声。文本撞词噪声（如 papercut/calligraphy/taichi 等）可有效识别并过滤；残余误差主要来自无文本线索、纯画面是中国非遗的视频，文本方法无法判定。,lower_70_90pct_reach,4.834403,reach_low,stock_low__reach_low,低存量低触达：近乎隐形候选,False,True,1,False
8,福建木偶戏,Strategy for training coming generations of Fujian puppetry practitioners,GSP,保护实践(木偶戏),stock_low,315,near_invisible,589865,589865,580986,8879,8879,0.9849,0.0151,59,46,13,66,13,0.2203,0.0151,0.197,bottom_10pct_reach,stock_low__reach_low,低存量低触达：近乎隐形候选,800,12630,1598,15280,28300,249005,425900,16,5,1,0,7614505628744043832,https://www.tiktok.com/@goodlivinginchina/video/7614505628744043832,🖐️Discover #Fujian's intangible cultural heritage: the #Budaixi glove puppet show! A master with 20 years of performing experience shows his amazing finger skills. Melinda and Arun tried it and had lots of fun! It truly ,经中国信号过滤（china_context_hit 或 has_cjk_desc），但未全量人工核查；中低播放段可能仍有残余噪声。文本撞词噪声（如 papercut/calligraphy/taichi 等）可有效识别并过滤；残余误差主要来自无文本线索、纯画面是中国非遗的视频，文本方法无法判定。,lower_70_90pct_reach,4.731554,reach_low,stock_low__reach_low,低存量低触达：近乎隐形候选,False,True,1,False
44,蒙古族长调民歌,"Urtiin Duu, traditional folk long song",RL,表演艺术(音乐),stock_low,21,near_invisible,149500000,153711277,358972,153352305,149141028,0.0024,0.9976,65,8,57,66,58,0.8769,0.9977,0.8788,manual_confirmed_high_noise_niche_reach,stock_low__reach_high,人工确认高噪声小众破圈,9214,44872,65825,116090,153295,183059,190500,7,4,1,0,7574763804492369185,https://www.tiktok.com/@suny04322/video/7574763804492369185,Chinese Mongolian song #fyp #China #mongolian #song ,经中国信号过滤（china_context_hit 或 has_cjk_desc），但未全量人工核查；中低播放段可能仍有残余噪声。文本撞词噪声（如 papercut/calligraphy/taichi 等）可有效识别并过滤；残余误差主要来自无文本线索、纯画面是中国非遗的视频，文本方法无法判定。,lower_70_90pct_reach,4.84529,reach_low,stock_low__reach_low,低存量低触达：近乎隐形候选,True,True,2,True
19,侗族大歌,Grand song of the Dong ethnic group,RL,表演艺术(音乐),stock_low,10,near_invisible,148748,148748,141034,7714,7714,0.9481,0.0519,59,58,1,63,1,0.0169,0.0519,0.0159,bottom_10pct_reach,stock_low__reach_low,低存量低触达：近乎隐形候选,457,2432,990,6480,16285,26554,31000,14,4,0,0,7032437244807875846,https://www.tiktok.com/@unknowncultures/video/7032437244807875846,竹竿舞 #苗族 #瑶族 #黎族 #佤族 #侗族 #竹竿舞 #贵州 #少数民族 #民族服饰 #中国 #miaozu #hmong #yaozu #mienh #lizu #wazu #dongzu #china #bamboodance #dongpeople #wapeople #hmongb,经中国信号过滤（china_context_hit 或 has_cjk_desc），但未全量人工核查；中低播放段可能仍有残余噪声。文本撞词噪声（如 papercut/calligraphy/taichi 等）可有效识别并过滤；残余误差主要来自无文本线索、纯画面是中国非遗的视频，文本方法无法判定。,bottom_10pct_reach,4.174675,reach_low,stock_low__reach_low,低存量低触达：近乎隐形候选,False,False,0,False
12,中国水密隔舱福船制造技艺,Watertight-bulkhead technology of Chinese junks,USL,传统手工艺,stock_low,343,near_invisible,184008225,184008225,103507,183904718,183904718,0.0006,0.9994,239,15,224,239,224,0.9372,0.9994,0.9372,high_20_40pct_reach,stock_low__reach_high,低存量高触达：小而精破圈候选,351,6900,2169,21660,34370,50554,54600,5,3,0,0,7649735163693354270,https://www.tiktok.com/@greenappleskittleh8r/video/7649735163693354270,another big shein junk haul (人◕ω◕) #squishy #haul #asmr #shein ,经中国信号过滤（china_context_hit 或 has_cjk_desc），但未全量人工核查；中低播放段可能仍有残余噪声。文本撞词噪声（如 papercut/calligraphy/taichi 等）可有效识别并过滤；残余误差主要来自无文本线索、纯画面是中国非遗的视频，文本方法无法判定。,bottom_10pct_reach,4.290348,reach_low,stock_low__reach_low,低存量低触达：近乎隐形候选,True,True,-3,True
9,赫哲族伊玛堪,Hezhe Yimakan storytelling,USL,口头传统/史诗,stock_low,17,near_invisible,8230401,8230401,101484,8128917,8128917,0.0123,0.9877,59,5,54,60,54,0.9153,0.9877,0.9,lower_70_90pct_reach,stock_low__reach_low,低存量低触达：近乎隐形候选,753,20297,2818,59507,78404,93521,97300,2,1,0,0,7553850934636367112,https://www.tiktok.com/@tamnhien.xunran/video/7553850934636367112,郭喆喆 gu zhezhe #múacổtrang #múa #trungquoc ,经中国信号过滤（china_context_hit 或 has_cjk_desc），但未全量人工核查；中低播放段可能仍有残余噪声。文本撞词噪声（如 papercut/calligraphy/taichi 等）可有效识别并过滤；残余误差主要来自无文本线索、纯画面是中国非遗的视频，文本方法无法判定。,bottom_10pct_reach,4.462884,reach_low,stock_low__reach_low,低存量低触达：近乎隐形候选,False,True,-1,True
26,格萨(斯)尔史诗传统,Gesar epic tradition,RL,口头传统/史诗,stock_low,227,near_invisible,1787008,1787008,59226,1727782,1727782,0.0331,0.9669,76,19,57,78,57,0.75,0.9669,0.7308,lower_70_90pct_reach,stock_low__reach_low,低存量低触达：近乎隐形候选,2313,3117,4188,5720,7134,15587,17700,12,1,0,0,7612199111642615070,https://www.tiktok.com/@yespurslay0/video/7612199111642615070,"King Gesar is the legendary hero of the Epic of King Gesar, one of the longest epic stories in the world and an important part of Tibetan culture. The story has been passed down for centuries through Tibetan oral traditi",经中国信号过滤（china_context_hit 或 has_cjk_desc），但未全量人工核查；中低播放段可能仍有残余噪声。文本撞词噪声（如 papercut/calligraphy/taichi 等）可有效识别并过滤；残余误差主要来自无文本线索、纯画面是中国非遗的视频，文本方法无法判定。,bottom_10pct_reach,3.868669,reach_low,stock_low__reach_low,低存量低触达：近乎隐形候选,False,True,-1,True
32,花儿,Hua'er,RL,表演艺术(民歌),stock_low,166,near_invisible,71167,71167,55117,16050,16050,0.7745,0.2255,53,34,19,53,19,0.3585,0.2255,0.3585,bottom_10pct_reach,stock_low__reach_low,低存量低触达：近乎隐形候选,383,1621,1037,6746,7789,9168,9629,10,0,0,0,7649013595753172242,https://www.tiktok.com/@lin_cen_ling/video/7649013595753172242,歌曲：花儿开花儿落 #歌曲花儿开花儿落 #花儿开花儿落 #神级现场 #Chinesesongs #bestchinesesongs ,经中国信号过滤（china_context_hit 或 has_cjk_desc），但未全量人工核查；中低播放段可能仍有残余噪声。文本撞词噪声（如 papercut/calligraphy/taichi 等）可有效识别并过滤；残余误差主要来自无文本线索、纯画面是中国非遗的视频，文本方法无法判定。,bottom_10pct_reach,3.818216,reach_low,stock_low__reach_low,低存量低触达：近乎隐形候选,False,False,0,False
