project_id,project_name,search_keyword,current_stop_reason,current_pages_fetched,current_collected_count,current_next_page_token_present,youtube_stock_qualitative_state,youtube_totalResults_estimate_weak_signal,youtube_likely_reach_tier,youtube_likely_reach_score,youtube_project_likely_total_view,youtube_project_likely_unique_videos,youtube_project_raw_total_view,youtube_project_low_relevance_play_ratio,youtube_raw_to_likely_tier_delta,youtube_reach_noise_risk,tiktok_quadrant,tiktok_quadrant_label,tiktok_review_priority,tiktok_likely_reach_tier,tiktok_stock_band_qualitative,tiktok_scale_tier_qualitative,tiktok_manual_priority_rows,cross_platform_stock_compare_note,term_raw_unique_videos,term_likely_unique_videos,term_needs_review_unique_videos,term_low_unique_videos,term_likely_video_ratio,term_low_video_ratio,term_raw_total_view,term_likely_total_view,term_low_total_view,term_likely_play_ratio,term_low_play_ratio,term_likely_max_view,term_raw_max_view,term_top_likely_url,term_top_raw_url,term_label_counts,deepcrawl_priority,priority_rank,recommended_action,recommended_page_plan,recommended_max_pages,deepcrawl_reason,candidate_rank
1,春节,Chinese New Year,sample_limit_reached,3,139,True,youtube_three_page_lower_bound_unresolved,1000000,top_20pct_reach,7.218688,355723582,186,540089064,0.0057,0,low,stock_high__reach_high,真·规模化出海候选,P3_normal,top_20pct_reach,stock_high,head,0,qualitative_only: TikTok hashtag stock and YouTube collection state are not same units; do not compare numeric magnitude.,139,121,16,2,0.8705,0.0144,368782518,340297128,2576943,0.9228,0.007,88533729,88533729,https://www.youtube.com/watch?v=gykWYPrArbY,https://www.youtube.com/watch?v=gykWYPrArbY,"{'needs_review': 16, 'likely_relevant': 121, 'low_relevance': 2}",P0_youtube_high_reach_deepcrawl_now,10,deepcrawl_to_10_pages,to_10_pages,10,YouTube 自身 likely 高触达且噪声低；不必等待 TikTok 人工回流，可先补到 10 页验证触达上限。,1
21,中国蚕桑丝织技艺,Chinese silk sericulture,sample_limit_reached,3,147,True,youtube_three_page_lower_bound_unresolved,22349,top_20pct_reach,6.991169,240638320,85,345887073,0.0134,1,low,stock_low__reach_low,低存量低触达：近乎隐形候选,P2_noise_risk,middle_40_70pct_reach,stock_low,near_invisible,0,qualitative_only: TikTok hashtag stock and YouTube collection state are not same units; do not compare numeric magnitude.,147,85,55,7,0.5782,0.0476,345887073,240638320,4622106,0.6957,0.0134,128528750,128528750,https://www.youtube.com/watch?v=87duJEtkLs4,https://www.youtube.com/watch?v=87duJEtkLs4,"{'likely_relevant': 85, 'needs_review': 55, 'low_relevance': 7}",P0_youtube_high_reach_deepcrawl_now,10,deepcrawl_to_10_pages,to_10_pages,10,YouTube 自身 likely 高触达且噪声低；不必等待 TikTok 人工回流，可先补到 10 页验证触达上限。,2
42,古琴艺术,Chinese Guqin,sample_limit_reached,3,137,True,youtube_three_page_lower_bound_unresolved,503206,top_20pct_reach,6.816463,157280533,210,310843383,0.1092,1,low,stock_low__reach_high,低存量高触达：小而精破圈候选,P1_low_stock_high_reach,high_20_40pct_reach,stock_mid,long_tail,9,qualitative_only: TikTok hashtag stock and YouTube collection state are not same units; do not compare numeric magnitude.,137,94,35,8,0.6861,0.0584,288743616,140768008,24648389,0.4875,0.0854,25407032,28695108,https://www.youtube.com/watch?v=gf6v59c5yuY,https://www.youtube.com/watch?v=IxM1tjTvFAc,"{'likely_relevant': 94, 'needs_review': 35, 'low_relevance': 8}",P0_youtube_high_reach_deepcrawl_now,10,deepcrawl_to_10_pages,to_10_pages,10,YouTube 自身 likely 高触达且噪声低；不必等待 TikTok 人工回流，可先补到 10 页验证触达上限。,3
3,太极拳,Tai Chi,sample_limit_reached,3,132,True,youtube_three_page_lower_bound_unresolved,1000000,top_20pct_reach,6.640376,118073022,225,159524947,0.0036,1,low,stock_high__reach_high,真·规模化出海候选,P3_normal,high_20_40pct_reach,stock_high,head,0,qualitative_only: TikTok hashtag stock and YouTube collection state are not same units; do not compare numeric magnitude.,132,132,0,0,1.0,0.0,87245248,87245248,0,1.0,0.0,9772809,9772809,https://www.youtube.com/watch?v=ulicDWNz47M,https://www.youtube.com/watch?v=ulicDWNz47M,{'likely_relevant': 132},P0_youtube_high_reach_deepcrawl_now,10,deepcrawl_to_10_pages,to_10_pages,10,YouTube 自身 likely 高触达且噪声低；不必等待 TikTok 人工回流，可先补到 10 页验证触达上限。,4
42,古琴艺术,Guqin,sample_limit_reached,3,143,True,youtube_three_page_lower_bound_unresolved,514820,top_20pct_reach,6.816463,157280533,210,310843383,0.1092,1,low,stock_low__reach_high,低存量高触达：小而精破圈候选,P1_low_stock_high_reach,high_20_40pct_reach,stock_mid,long_tail,9,qualitative_only: TikTok hashtag stock and YouTube collection state are not same units; do not compare numeric magnitude.,143,142,0,1,0.993,0.007,93173565,83874855,9298710,0.9002,0.0998,17613930,17613930,https://www.youtube.com/watch?v=h0AAFhx3RmA,https://www.youtube.com/watch?v=h0AAFhx3RmA,"{'likely_relevant': 142, 'low_relevance': 1}",P0_youtube_high_reach_deepcrawl_now,10,deepcrawl_to_10_pages,to_10_pages,10,YouTube 自身 likely 高触达且噪声低；不必等待 TikTok 人工回流，可先补到 10 页验证触达上限。,5
13,中国木活字印刷术,Chinese wooden movable type,sample_limit_reached,3,143,True,youtube_three_page_lower_bound_unresolved,1000000,top_20pct_reach,6.374185,79502559,88,221246602,0.0003,2,low,stock_low__reach_high,低存量高触达：小而精破圈候选,P0_noise_or_tier_drop,high_20_40pct_reach,stock_low,near_invisible,10,qualitative_only: TikTok hashtag stock and YouTube collection state are not same units; do not compare numeric magnitude.,143,88,48,7,0.6154,0.049,221246602,79502559,77331,0.3593,0.0003,51231790,141012259,https://www.youtube.com/watch?v=I9QSaS0wX2Y,https://www.youtube.com/watch?v=XSrolys3uqo,"{'likely_relevant': 88, 'needs_review': 48, 'low_relevance': 7}",P0_youtube_high_reach_deepcrawl_now,10,deepcrawl_to_10_pages,to_10_pages,10,YouTube 自身 likely 高触达且噪声低；不必等待 TikTok 人工回流，可先补到 10 页验证触达上限。,6
3,太极拳,Taijiquan,sample_limit_reached,3,137,True,youtube_three_page_lower_bound_unresolved,886850,top_20pct_reach,6.640376,118073022,225,159524947,0.0036,1,low,stock_high__reach_high,真·规模化出海候选,P3_normal,high_20_40pct_reach,stock_high,head,0,qualitative_only: TikTok hashtag stock and YouTube collection state are not same units; do not compare numeric magnitude.,137,96,38,3,0.7007,0.0219,90598952,41367287,574317,0.4566,0.0063,8211854,18384107,https://www.youtube.com/watch?v=e4VIw41R-PU,https://www.youtube.com/watch?v=cEOS2zoyQw4,"{'likely_relevant': 96, 'needs_review': 38, 'low_relevance': 3}",P0_youtube_high_reach_deepcrawl_now,10,deepcrawl_to_10_pages,to_10_pages,10,YouTube 自身 likely 高触达且噪声低；不必等待 TikTok 人工回流，可先补到 10 页验证触达上限。,7
35,中国篆刻,seal engraving,sample_limit_reached,3,145,True,youtube_three_page_lower_bound_unresolved,479356,high_20_40pct_reach,5.76151,38579585,227,44404227,0.1124,1,low,stock_low__reach_low,低存量低触达：近乎隐形候选,P0_noise_or_tier_drop,middle_40_70pct_reach,stock_mid,long_tail,10,qualitative_only: TikTok hashtag stock and YouTube collection state are not same units; do not compare numeric magnitude.,145,123,13,9,0.8483,0.0621,43403765,38086149,4991169,0.8775,0.115,14664327,14664327,https://www.youtube.com/watch?v=Ykv0Ulx6kNM,https://www.youtube.com/watch?v=Ykv0Ulx6kNM,"{'likely_relevant': 123, 'needs_review': 13, 'low_relevance': 9}",P0_youtube_high_reach_deepcrawl_now,10,deepcrawl_to_10_pages,to_10_pages,10,YouTube 自身 likely 高触达且噪声低；不必等待 TikTok 人工回流，可先补到 10 页验证触达上限。,8
39,妈祖信俗,Mazu,sample_limit_reached,3,140,True,youtube_three_page_lower_bound_unresolved,985737,top_20pct_reach,6.286877,36066888,130,45491409,0.1449,2,low,stock_high__reach_low,高存量低触达：自产自销/虚假繁荣候选,P0_stock_high_reach_low,middle_40_70pct_reach,stock_high,mid,10,qualitative_only: TikTok hashtag stock and YouTube collection state are not same units; do not compare numeric magnitude.,140,130,3,7,0.9286,0.05,45491409,36066888,6590645,0.7928,0.1449,14689305,14689305,https://www.youtube.com/watch?v=yd-L47K2luA,https://www.youtube.com/watch?v=yd-L47K2luA,"{'likely_relevant': 130, 'low_relevance': 7, 'needs_review': 3}",P0_youtube_high_reach_deepcrawl_now,10,deepcrawl_to_10_pages,to_10_pages,10,YouTube 自身 likely 高触达且噪声低；不必等待 TikTok 人工回流，可先补到 10 页验证触达上限。,9
2,中国传统制茶技艺及其相关习俗,Chinese tea ceremony,sample_limit_reached,3,148,True,youtube_three_page_lower_bound_unresolved,894899,high_20_40pct_reach,6.203333,30363057,106,47139009,0.1617,1,low,stock_high__reach_high,真·规模化出海候选,P2_noise_risk,high_20_40pct_reach,stock_high,mid,0,qualitative_only: TikTok hashtag stock and YouTube collection state are not same units; do not compare numeric magnitude.,148,106,38,4,0.7162,0.027,47139009,30363057,7622280,0.6441,0.1617,22590639,22590639,https://www.youtube.com/watch?v=3V7ezUaKhHs,https://www.youtube.com/watch?v=3V7ezUaKhHs,"{'likely_relevant': 106, 'needs_review': 38, 'low_relevance': 4}",P0_youtube_high_reach_deepcrawl_now,10,deepcrawl_to_10_pages,to_10_pages,10,YouTube 自身 likely 高触达且噪声低；不必等待 TikTok 人工回流，可先补到 10 页验证触达上限。,10
34,中国书法,Chinese calligraphy,sample_limit_reached,3,132,True,youtube_three_page_lower_bound_unresolved,964210,high_20_40pct_reach,6.177671,25339037,126,29394125,0.0311,1,low,stock_high__reach_high,真·规模化出海候选,P3_normal,top_20pct_reach,stock_high,head,0,qualitative_only: TikTok hashtag stock and YouTube collection state are not same units; do not compare numeric magnitude.,132,126,4,2,0.9545,0.0152,29394125,25339037,915607,0.862,0.0311,4068005,4068005,https://www.youtube.com/watch?v=u4NymUSXVBI,https://www.youtube.com/watch?v=u4NymUSXVBI,"{'likely_relevant': 126, 'needs_review': 4, 'low_relevance': 2}",P0_youtube_high_reach_deepcrawl_now,10,deepcrawl_to_10_pages,to_10_pages,10,YouTube 自身 likely 高触达且噪声低；不必等待 TikTok 人工回流，可先补到 10 页验证触达上限。,11
25,粤剧,Cantonese opera,sample_limit_reached,3,148,True,youtube_three_page_lower_bound_unresolved,654308,high_20_40pct_reach,6.134087,25293544,139,32538978,0.1312,1,low,stock_low__reach_low,低存量低触达：近乎隐形候选,P2_noise_risk,lower_70_90pct_reach,stock_low,near_invisible,0,qualitative_only: TikTok hashtag stock and YouTube collection state are not same units; do not compare numeric magnitude.,148,139,5,4,0.9392,0.027,32538978,25293544,4268121,0.7773,0.1312,4951886,4951886,https://www.youtube.com/watch?v=5rgNRdbPdtg,https://www.youtube.com/watch?v=5rgNRdbPdtg,"{'likely_relevant': 139, 'low_relevance': 4, 'needs_review': 5}",P0_youtube_high_reach_deepcrawl_now,10,deepcrawl_to_10_pages,to_10_pages,10,YouTube 自身 likely 高触达且噪声低；不必等待 TikTok 人工回流，可先补到 10 页验证触达上限。,12
35,中国篆刻,Chinese seal engraving,sample_limit_reached,3,150,True,youtube_three_page_lower_bound_unresolved,65155,high_20_40pct_reach,5.76151,38579585,227,44404227,0.1124,1,low,stock_low__reach_low,低存量低触达：近乎隐形候选,P0_noise_or_tier_drop,middle_40_70pct_reach,stock_mid,long_tail,10,qualitative_only: TikTok hashtag stock and YouTube collection state are not same units; do not compare numeric magnitude.,150,148,2,0,0.9867,0.0,21127247,20620221,0,0.976,0.0,14664327,14664327,https://www.youtube.com/watch?v=Ykv0Ulx6kNM,https://www.youtube.com/watch?v=Ykv0Ulx6kNM,"{'likely_relevant': 148, 'needs_review': 2}",P0_youtube_high_reach_deepcrawl_now,10,deepcrawl_to_10_pages,to_10_pages,10,YouTube 自身 likely 高触达且噪声低；不必等待 TikTok 人工回流，可先补到 10 页验证触达上限。,13
17,中国木拱桥传统营造技艺,Chinese wooden arch bridge,sample_limit_reached,3,149,True,youtube_three_page_lower_bound_unresolved,224522,top_20pct_reach,6.777266,60349388,18,641783067,0.9059,0,high,stock_low__reach_low,低存量低触达：近乎隐形候选,P0_noise_or_tier_drop,lower_70_90pct_reach,stock_low,near_invisible,10,qualitative_only: TikTok hashtag stock and YouTube collection state are not same units; do not compare numeric magnitude.,149,18,3,128,0.1208,0.8591,641783067,60349388,581412994,0.094,0.9059,59392613,112248667,https://www.youtube.com/watch?v=PYkgEf3eWqA,https://www.youtube.com/watch?v=UIQUQHGEKz0,"{'low_relevance': 128, 'likely_relevant': 18, 'needs_review': 3}",P0_wait_tiktok_manual_for_deepcrawl,20,wait_tiktok_manual_then_decide,defer,10,TikTok 关键象限/人工核查项目；先列为候选，等 321 条人工表回流后决定是否补到 10 页。,14
31,蒙古族呼麦,Khoomei,sample_limit_reached,3,141,True,youtube_three_page_lower_bound_unresolved,62321,high_20_40pct_reach,6.259811,48078106,117,363381289,0.7415,0,high,stock_low__reach_high,低存量高触达：小而精破圈候选,P1_low_stock_high_reach,top_20pct_reach,stock_low,near_invisible,9,qualitative_only: TikTok hashtag stock and YouTube collection state are not same units; do not compare numeric magnitude.,141,88,24,29,0.6241,0.2057,121584088,47515297,61875728,0.3908,0.5089,39369379,39369379,https://www.youtube.com/watch?v=p_5yt5IX38I,https://www.youtube.com/watch?v=p_5yt5IX38I,"{'likely_relevant': 88, 'needs_review': 24, 'low_relevance': 29}",P0_wait_tiktok_manual_for_deepcrawl,20,wait_tiktok_manual_then_decide,defer,10,TikTok 关键象限/人工核查项目；先列为候选，等 321 条人工表回流后决定是否补到 10 页。,15
31,蒙古族呼麦,Khoomei China,sample_limit_reached,3,139,True,youtube_three_page_lower_bound_unresolved,20671,high_20_40pct_reach,6.259811,48078106,117,363381289,0.7415,0,high,stock_low__reach_high,低存量高触达：小而精破圈候选,P1_low_stock_high_reach,top_20pct_reach,stock_low,near_invisible,9,qualitative_only: TikTok hashtag stock and YouTube collection state are not same units; do not compare numeric magnitude.,139,28,36,75,0.2014,0.5396,182353291,39950316,99787351,0.2191,0.5472,39369379,39369379,https://www.youtube.com/watch?v=p_5yt5IX38I,https://www.youtube.com/watch?v=p_5yt5IX38I,"{'likely_relevant': 28, 'needs_review': 36, 'low_relevance': 75}",P0_wait_tiktok_manual_for_deepcrawl,20,wait_tiktok_manual_then_decide,defer,10,TikTok 关键象限/人工核查项目；先列为候选，等 321 条人工表回流后决定是否补到 10 页。,16
44,蒙古族长调民歌,Urtiin Duu,sample_limit_reached,3,125,True,youtube_three_page_lower_bound_unresolved,19150,top_20pct_reach,6.299374,30638803,102,603175977,0.8822,0,high,stock_low__reach_low,低存量低触达：近乎隐形候选,P0_noise_or_tier_drop,lower_70_90pct_reach,stock_low,near_invisible,10,qualitative_only: TikTok hashtag stock and YouTube collection state are not same units; do not compare numeric magnitude.,125,57,7,61,0.456,0.488,336723123,24870667,296198411,0.0739,0.8796,12846783,41934121,https://www.youtube.com/watch?v=pR-CU9DKzz8,https://www.youtube.com/watch?v=0cQDizYOGeA,"{'likely_relevant': 57, 'needs_review': 7, 'low_relevance': 61}",P0_wait_tiktok_manual_for_deepcrawl,20,wait_tiktok_manual_then_decide,defer,10,TikTok 关键象限/人工核查项目；先列为候选，等 321 条人工表回流后决定是否补到 10 页。,17
40,中国雕版印刷技艺,Chinese block printing,sample_limit_reached,3,136,True,youtube_three_page_lower_bound_unresolved,812834,high_20_40pct_reach,6.111184,20339669,87,281752249,0.8193,0,high,stock_high__reach_low,高存量低触达：自产自销/虚假繁荣候选,P0_stock_high_reach_low,middle_40_70pct_reach,stock_high,mid,10,qualitative_only: TikTok hashtag stock and YouTube collection state are not same units; do not compare numeric magnitude.,136,48,49,39,0.3529,0.2868,276830152,20306404,230812657,0.0734,0.8338,12871284,141012259,https://www.youtube.com/watch?v=SG0MdDS2WI0,https://www.youtube.com/watch?v=XSrolys3uqo,"{'likely_relevant': 48, 'low_relevance': 39, 'needs_review': 49}",P0_wait_tiktok_manual_for_deepcrawl,20,wait_tiktok_manual_then_decide,defer,10,TikTok 关键象限/人工核查项目；先列为候选，等 321 条人工表回流后决定是否补到 10 页。,18
40,中国雕版印刷技艺,Chinese woodblock printing,sample_limit_reached,3,142,True,youtube_three_page_lower_bound_unresolved,23296,high_20_40pct_reach,6.111184,20339669,87,281752249,0.8193,0,high,stock_high__reach_low,高存量低触达：自产自销/虚假繁荣候选,P0_stock_high_reach_low,middle_40_70pct_reach,stock_high,mid,10,qualitative_only: TikTok hashtag stock and YouTube collection state are not same units; do not compare numeric magnitude.,142,70,56,16,0.493,0.1127,92489283,20053074,59342823,0.2168,0.6416,12871284,51231790,https://www.youtube.com/watch?v=SG0MdDS2WI0,https://www.youtube.com/watch?v=I9QSaS0wX2Y,"{'likely_relevant': 70, 'needs_review': 56, 'low_relevance': 16}",P0_wait_tiktok_manual_for_deepcrawl,20,wait_tiktok_manual_then_decide,defer,10,TikTok 关键象限/人工核查项目；先列为候选，等 321 条人工表回流后决定是否补到 10 页。,19
14,京剧,Peking opera,sample_limit_reached,3,139,True,youtube_three_page_lower_bound_unresolved,540289,high_20_40pct_reach,5.943964,14971584,129,21659698,0.206,1,low,stock_low__reach_high,低存量高触达：小而精破圈候选,P1_low_stock_high_reach,top_20pct_reach,stock_mid,long_tail,9,qualitative_only: TikTok hashtag stock and YouTube collection state are not same units; do not compare numeric magnitude.,139,129,9,1,0.9281,0.0072,21659698,14971584,4462621,0.6912,0.206,2949809,4462621,https://www.youtube.com/watch?v=wzBDB-u1pRg,https://www.youtube.com/watch?v=EmHYhDXz-Zs,"{'likely_relevant': 129, 'needs_review': 9, 'low_relevance': 1}",P0_wait_tiktok_manual_for_deepcrawl,20,wait_tiktok_manual_then_decide,defer,10,TikTok 关键象限/人工核查项目；先列为候选，等 321 条人工表回流后决定是否补到 10 页。,20
24,宣纸传统制作技艺,Xuan paper making,sample_limit_reached,3,147,True,youtube_three_page_lower_bound_unresolved,61505,high_20_40pct_reach,6.012121,12328419,70,23810616,0.0002,1,low,stock_low__reach_high,低存量高触达：小而精破圈候选,P1_low_stock_high_reach,top_20pct_reach,stock_low,near_invisible,9,qualitative_only: TikTok hashtag stock and YouTube collection state are not same units; do not compare numeric magnitude.,147,70,75,2,0.4762,0.0136,23810616,12328419,4339,0.5178,0.0002,3882133,9248251,https://www.youtube.com/watch?v=4E-eZxT1JL4,https://www.youtube.com/watch?v=o5BZ67LqdeY,"{'needs_review': 75, 'likely_relevant': 70, 'low_relevance': 2}",P0_wait_tiktok_manual_for_deepcrawl,20,wait_tiktok_manual_then_decide,defer,10,TikTok 关键象限/人工核查项目；先列为候选，等 321 条人工表回流后决定是否补到 10 页。,21
32,花儿,Hua'er,sample_limit_reached,3,143,True,youtube_three_page_lower_bound_unresolved,1000000,middle_40_70pct_reach,5.633062,11329272,198,352841359,0.9637,-1,high,stock_low__reach_low,低存量低触达：近乎隐形候选,P0_noise_or_tier_drop,bottom_10pct_reach,stock_low,near_invisible,10,qualitative_only: TikTok hashtag stock and YouTube collection state are not same units; do not compare numeric magnitude.,143,139,1,3,0.972,0.021,11287345,11264577,15681,0.998,0.0014,6317417,6317417,https://www.youtube.com/watch?v=dtZy312HJbM,https://www.youtube.com/watch?v=dtZy312HJbM,"{'likely_relevant': 139, 'low_relevance': 3, 'needs_review': 1}",P0_wait_tiktok_manual_for_deepcrawl,20,wait_tiktok_manual_then_decide,defer,10,TikTok 关键象限/人工核查项目；先列为候选，等 321 条人工表回流后决定是否补到 10 页。,22
11,麦西热甫,Meshrep,sample_limit_reached,3,149,True,youtube_three_page_lower_bound_unresolved,23711,middle_40_70pct_reach,5.490786,6455423,148,6456695,0.0,1,low,stock_low__reach_high,低存量高触达：小而精破圈候选,P1_low_stock_high_reach,high_20_40pct_reach,stock_low,near_invisible,9,qualitative_only: TikTok hashtag stock and YouTube collection state are not same units; do not compare numeric magnitude.,149,148,1,0,0.9933,0.0,6456695,6455423,0,0.9998,0.0,3385751,3385751,https://www.youtube.com/watch?v=1Hef5OXHr5I,https://www.youtube.com/watch?v=1Hef5OXHr5I,"{'likely_relevant': 148, 'needs_review': 1}",P0_wait_tiktok_manual_for_deepcrawl,20,wait_tiktok_manual_then_decide,defer,10,TikTok 关键象限/人工核查项目；先列为候选，等 321 条人工表回流后决定是否补到 10 页。,23
15,中医针灸,acupuncture moxibustion,sample_limit_reached,3,145,True,youtube_three_page_lower_bound_unresolved,170476,middle_40_70pct_reach,5.522686,5712974,111,6464742,0.0052,1,low,stock_low__reach_high,低存量高触达：小而精破圈候选,P1_low_stock_high_reach,top_20pct_reach,stock_mid,long_tail,9,qualitative_only: TikTok hashtag stock and YouTube collection state are not same units; do not compare numeric magnitude.,145,111,31,3,0.7655,0.0207,6464742,5712974,33822,0.8837,0.0052,1462662,1462662,https://www.youtube.com/watch?v=NCBTxDfsVVg,https://www.youtube.com/watch?v=NCBTxDfsVVg,"{'likely_relevant': 111, 'needs_review': 31, 'low_relevance': 3}",P0_wait_tiktok_manual_for_deepcrawl,20,wait_tiktok_manual_then_decide,defer,10,TikTok 关键象限/人工核查项目；先列为候选，等 321 条人工表回流后决定是否补到 10 页。,24
41,昆曲,Kunqu opera,sample_limit_reached,3,140,True,youtube_three_page_lower_bound_unresolved,53332,middle_40_70pct_reach,5.223767,3315499,137,5143973,0.3394,1,medium,stock_low__reach_low,低存量低触达：近乎隐形候选,P0_noise_or_tier_drop,lower_70_90pct_reach,stock_low,near_invisible,10,qualitative_only: TikTok hashtag stock and YouTube collection state are not same units; do not compare numeric magnitude.,140,137,2,1,0.9786,0.0071,5143973,3315499,1745731,0.6445,0.3394,1188891,1745731,https://www.youtube.com/watch?v=m1GxmBsxQ1g,https://www.youtube.com/watch?v=TDD3AnPmU7o,"{'likely_relevant': 137, 'low_relevance': 1, 'needs_review': 2}",P0_wait_tiktok_manual_for_deepcrawl,20,wait_tiktok_manual_then_decide,defer,10,TikTok 关键象限/人工核查项目；先列为候选，等 321 条人工表回流后决定是否补到 10 页。,25
10,中国皮影戏,Chinese shadow puppetry,sample_limit_reached,3,141,True,youtube_three_page_lower_bound_unresolved,794686,middle_40_70pct_reach,5.317299,2551668,69,145384102,0.9768,0,high,stock_low__reach_low,低存量低触达：近乎隐形候选,P0_noise_or_tier_drop,lower_70_90pct_reach,stock_low,near_invisible,10,qualitative_only: TikTok hashtag stock and YouTube collection state are not same units; do not compare numeric magnitude.,141,69,23,49,0.4894,0.3475,145384102,2551668,142014494,0.0176,0.9768,1608057,58942216,https://www.youtube.com/watch?v=YzFlGlomGfs,https://www.youtube.com/watch?v=JZ1DH77eWH0,"{'likely_relevant': 69, 'needs_review': 23, 'low_relevance': 49}",P0_wait_tiktok_manual_for_deepcrawl,20,wait_tiktok_manual_then_decide,defer,10,TikTok 关键象限/人工核查项目；先列为候选，等 321 条人工表回流后决定是否补到 10 页。,26
29,藏戏,Tibetan opera,sample_limit_reached,3,144,True,youtube_three_page_lower_bound_unresolved,605618,middle_40_70pct_reach,5.13657,2440978,119,104153749,0.8387,0,high,stock_low__reach_low,低存量低触达：近乎隐形候选,P0_noise_or_tier_drop,bottom_10pct_reach,stock_low,near_invisible,10,qualitative_only: TikTok hashtag stock and YouTube collection state are not same units; do not compare numeric magnitude.,144,119,5,20,0.8264,0.1389,104153749,2440978,87353672,0.0234,0.8387,1257052,44757513,https://www.youtube.com/watch?v=q_5MSSu2cMQ,https://www.youtube.com/watch?v=386e2AK-CRI,"{'likely_relevant': 119, 'low_relevance': 20, 'needs_review': 5}",P0_wait_tiktok_manual_for_deepcrawl,20,wait_tiktok_manual_then_decide,defer,10,TikTok 关键象限/人工核查项目；先列为候选，等 321 条人工表回流后决定是否补到 10 页。,27
9,赫哲族伊玛堪,Yimakan,sample_limit_reached,3,144,True,youtube_three_page_lower_bound_unresolved,495,middle_40_70pct_reach,5.040616,2014472,47,8176617,0.7135,1,high,stock_low__reach_low,低存量低触达：近乎隐形候选,P0_noise_or_tier_drop,middle_40_70pct_reach,stock_low,near_invisible,10,qualitative_only: TikTok hashtag stock and YouTube collection state are not same units; do not compare numeric magnitude.,144,47,25,72,0.3264,0.5,8176617,2014472,5834269,0.2464,0.7135,1286486,2412207,https://www.youtube.com/watch?v=O8OYvErAcb8,https://www.youtube.com/watch?v=j6M6HHYxz9U,"{'likely_relevant': 47, 'needs_review': 25, 'low_relevance': 72}",P0_wait_tiktok_manual_for_deepcrawl,20,wait_tiktok_manual_then_decide,defer,10,TikTok 关键象限/人工核查项目；先列为候选，等 321 条人工表回流后决定是否补到 10 页。,28
7,中国珠算,Chinese abacus,sample_limit_reached,3,150,True,youtube_three_page_lower_bound_unresolved,623161,middle_40_70pct_reach,5.158694,1842282,71,395261731,0.9949,-2,high,stock_low__reach_high,低存量高触达：小而精破圈候选,P1_low_stock_high_reach,top_20pct_reach,stock_low,near_invisible,9,qualitative_only: TikTok hashtag stock and YouTube collection state are not same units; do not compare numeric magnitude.,150,71,4,75,0.4733,0.5,395261731,1842282,393252444,0.0047,0.9949,997636,75709837,https://www.youtube.com/watch?v=FTVXUG_PngE,https://www.youtube.com/watch?v=FJs2UsQza2w,"{'likely_relevant': 71, 'low_relevance': 75, 'needs_review': 4}",P0_wait_tiktok_manual_for_deepcrawl,20,wait_tiktok_manual_then_decide,defer,10,TikTok 关键象限/人工核查项目；先列为候选，等 321 条人工表回流后决定是否补到 10 页。,29
37,中国传统木结构建筑营造技艺,Chinese wooden architecture,sample_limit_reached,3,150,True,youtube_three_page_lower_bound_unresolved,837084,middle_40_70pct_reach,5.011561,1787087,78,298422787,0.9883,0,high,stock_high__reach_low,高存量低触达：自产自销/虚假繁荣候选,P0_stock_high_reach_low,middle_40_70pct_reach,stock_high,mid,10,qualitative_only: TikTok hashtag stock and YouTube collection state are not same units; do not compare numeric magnitude.,150,21,101,28,0.14,0.1867,237531930,1592178,234582671,0.0067,0.9876,785708,121921385,https://www.youtube.com/watch?v=Ytlptt9I8g4,https://www.youtube.com/watch?v=8PHCaWhfwtE,"{'likely_relevant': 21, 'needs_review': 101, 'low_relevance': 28}",P0_wait_tiktok_manual_for_deepcrawl,20,wait_tiktok_manual_then_decide,defer,10,TikTok 关键象限/人工核查项目；先列为候选，等 321 条人工表回流后决定是否补到 10 页。,30
6,二十四节气,24 solar terms,sample_limit_reached,3,150,True,youtube_three_page_lower_bound_unresolved,1000000,lower_70_90pct_reach,4.707557,1142003,148,1183346,0.0,1,low,stock_low__reach_low,低存量低触达：近乎隐形候选,P0_noise_or_tier_drop,middle_40_70pct_reach,stock_mid,long_tail,10,qualitative_only: TikTok hashtag stock and YouTube collection state are not same units; do not compare numeric magnitude.,150,148,2,0,0.9867,0.0,1183346,1142003,0,0.9651,0.0,968900,968900,https://www.youtube.com/watch?v=WoJy3W-4hxE,https://www.youtube.com/watch?v=WoJy3W-4hxE,"{'likely_relevant': 148, 'needs_review': 2}",P0_wait_tiktok_manual_for_deepcrawl,20,wait_tiktok_manual_then_decide,defer,10,TikTok 关键象限/人工核查项目；先列为候选，等 321 条人工表回流后决定是否补到 10 页。,31
12,中国水密隔舱福船制造技艺,Chinese junk watertight bulkhead,sample_limit_reached,3,149,True,youtube_three_page_lower_bound_unresolved,1443,middle_40_70pct_reach,4.833119,1126767,116,27695934,0.9483,1,high,stock_low__reach_high,低存量高触达：小而精破圈候选,P1_low_stock_high_reach,top_20pct_reach,stock_low,near_invisible,9,qualitative_only: TikTok hashtag stock and YouTube collection state are not same units; do not compare numeric magnitude.,149,116,29,4,0.7785,0.0268,27695934,1126767,26264558,0.0407,0.9483,614059,26253238,https://www.youtube.com/watch?v=XZP9fFyitn4,https://www.youtube.com/watch?v=qM0HS5A6sys,"{'likely_relevant': 116, 'needs_review': 29, 'low_relevance': 4}",P0_wait_tiktok_manual_for_deepcrawl,20,wait_tiktok_manual_then_decide,defer,10,TikTok 关键象限/人工核查项目；先列为候选，等 321 条人工表回流后决定是否补到 10 页。,32
26,格萨(斯)尔史诗传统,Chinese Gesar epic,sample_limit_reached,3,149,True,youtube_three_page_lower_bound_unresolved,2788,lower_70_90pct_reach,4.636816,760949,116,812225,0.0062,1,low,stock_low__reach_low,低存量低触达：近乎隐形候选,P0_noise_or_tier_drop,lower_70_90pct_reach,stock_low,near_invisible,10,qualitative_only: TikTok hashtag stock and YouTube collection state are not same units; do not compare numeric magnitude.,149,116,30,3,0.7785,0.0201,812225,760949,5057,0.9369,0.0062,219073,219073,https://www.youtube.com/watch?v=qmadIEqbWZs,https://www.youtube.com/watch?v=qmadIEqbWZs,"{'likely_relevant': 116, 'needs_review': 30, 'low_relevance': 3}",P0_wait_tiktok_manual_for_deepcrawl,20,wait_tiktok_manual_then_decide,defer,10,TikTok 关键象限/人工核查项目；先列为候选，等 321 条人工表回流后决定是否补到 10 页。,33
43,新疆维吾尔木卡姆艺术,Uyghur Muqam,sample_limit_reached,3,137,True,youtube_three_page_lower_bound_unresolved,35643,middle_40_70pct_reach,4.711489,686528,72,1133200,0.0022,2,low,stock_low__reach_low,低存量低触达：近乎隐形候选,P0_noise_or_tier_drop,lower_70_90pct_reach,stock_mid,long_tail,10,qualitative_only: TikTok hashtag stock and YouTube collection state are not same units; do not compare numeric magnitude.,137,72,63,2,0.5255,0.0146,1133200,686528,2505,0.6058,0.0022,116799,116799,https://www.youtube.com/watch?v=VUcNcRopfko,https://www.youtube.com/watch?v=VUcNcRopfko,"{'needs_review': 63, 'likely_relevant': 72, 'low_relevance': 2}",P0_wait_tiktok_manual_for_deepcrawl,20,wait_tiktok_manual_then_decide,defer,10,TikTok 关键象限/人工核查项目；先列为候选，等 321 条人工表回流后决定是否补到 10 页。,34
37,中国传统木结构建筑营造技艺,Chinese timber architecture,sample_limit_reached,3,133,True,youtube_three_page_lower_bound_unresolved,260162,middle_40_70pct_reach,5.011561,1787087,78,298422787,0.9883,0,high,stock_high__reach_low,高存量低触达：自产自销/虚假繁荣候选,P0_stock_high_reach_low,middle_40_70pct_reach,stock_high,mid,10,qualitative_only: TikTok hashtag stock and YouTube collection state are not same units; do not compare numeric magnitude.,133,61,38,34,0.4586,0.2556,174703953,215697,172758365,0.0012,0.9889,100178,112248667,https://www.youtube.com/watch?v=zoO_DYcxl2E,https://www.youtube.com/watch?v=UIQUQHGEKz0,"{'needs_review': 38, 'likely_relevant': 61, 'low_relevance': 34}",P0_wait_tiktok_manual_for_deepcrawl,20,wait_tiktok_manual_then_decide,defer,10,TikTok 关键象限/人工核查项目；先列为候选，等 321 条人工表回流后决定是否补到 10 页。,35
16,黎族传统纺染织绣技艺,Li brocade,sample_limit_reached,3,127,True,youtube_three_page_lower_bound_unresolved,565098,lower_70_90pct_reach,4.310142,263363,70,143683898,0.8679,-1,high,stock_low__reach_low,低存量低触达：近乎隐形候选,P0_noise_or_tier_drop,middle_40_70pct_reach,stock_low,near_invisible,10,qualitative_only: TikTok hashtag stock and YouTube collection state are not same units; do not compare numeric magnitude.,127,63,26,38,0.4961,0.2992,36543671,198602,17632984,0.0054,0.4825,106563,13865621,https://www.youtube.com/watch?v=PAA2a-GuK9U,https://www.youtube.com/watch?v=UpN3AcXLSSk,"{'likely_relevant': 63, 'low_relevance': 38, 'needs_review': 26}",P0_wait_tiktok_manual_for_deepcrawl,20,wait_tiktok_manual_then_decide,defer,10,TikTok 关键象限/人工核查项目；先列为候选，等 321 条人工表回流后决定是否补到 10 页。,36
22,南音,Nanyin music,sample_limit_reached,3,148,True,youtube_three_page_lower_bound_unresolved,26564,lower_70_90pct_reach,4.164601,182999,71,3715470,0.5262,1,high,stock_low__reach_low,低存量低触达：近乎隐形候选,P0_noise_or_tier_drop,middle_40_70pct_reach,stock_low,near_invisible,10,qualitative_only: TikTok hashtag stock and YouTube collection state are not same units; do not compare numeric magnitude.,148,71,61,16,0.4797,0.1081,3715470,182999,1955232,0.0493,0.5262,51986,1936552,https://www.youtube.com/watch?v=mMX2_3gHALE,https://www.youtube.com/watch?v=kRv8KXkf03E,"{'likely_relevant': 71, 'needs_review': 61, 'low_relevance': 16}",P0_wait_tiktok_manual_for_deepcrawl,20,wait_tiktok_manual_then_decide,defer,10,TikTok 关键象限/人工核查项目；先列为候选，等 321 条人工表回流后决定是否补到 10 页。,37
8,福建木偶戏后继人才培养计划,budaixi,sample_limit_reached,3,150,True,youtube_three_page_lower_bound_unresolved,73079,lower_70_90pct_reach,3.950568,139485,157,2759578,0.1143,0,low,stock_low__reach_low,低存量低触达：近乎隐形候选,P0_noise_or_tier_drop,bottom_10pct_reach,stock_low,near_invisible,10,qualitative_only: TikTok hashtag stock and YouTube collection state are not same units; do not compare numeric magnitude.,150,147,3,0,0.98,0.0,139208,130956,0,0.9407,0.0,42027,42027,https://www.youtube.com/watch?v=hGr7Eb7UrsQ,https://www.youtube.com/watch?v=hGr7Eb7UrsQ,"{'likely_relevant': 147, 'needs_review': 3}",P0_wait_tiktok_manual_for_deepcrawl,20,wait_tiktok_manual_then_decide,defer,10,TikTok 关键象限/人工核查项目；先列为候选，等 321 条人工表回流后决定是否补到 10 页。,38
20,西安鼓乐,Xi'an drum music,sample_limit_reached,3,148,True,youtube_three_page_lower_bound_unresolved,1000000,lower_70_90pct_reach,3.982224,120770,41,1027453001,0.9774,-3,high,stock_low__reach_low,低存量低触达：近乎隐形候选,P0_noise_or_tier_drop,middle_40_70pct_reach,stock_low,near_invisible,10,qualitative_only: TikTok hashtag stock and YouTube collection state are not same units; do not compare numeric magnitude.,148,41,11,96,0.277,0.6486,1027453001,120770,1004236361,0.0001,0.9774,78464,195385448,https://www.youtube.com/watch?v=IdxdnECSAF8,https://www.youtube.com/watch?v=MI_2rOYPUIU,"{'likely_relevant': 41, 'needs_review': 11, 'low_relevance': 96}",P0_wait_tiktok_manual_for_deepcrawl,20,wait_tiktok_manual_then_decide,defer,10,TikTok 关键象限/人工核查项目；先列为候选，等 321 条人工表回流后决定是否补到 10 页。,39
16,黎族传统纺染织绣技艺,Li textile,sample_limit_reached,3,146,True,youtube_three_page_lower_bound_unresolved,1000000,lower_70_90pct_reach,4.310142,263363,70,143683898,0.8679,-1,high,stock_low__reach_low,低存量低触达：近乎隐形候选,P0_noise_or_tier_drop,middle_40_70pct_reach,stock_low,near_invisible,10,qualitative_only: TikTok hashtag stock and YouTube collection state are not same units; do not compare numeric magnitude.,146,8,5,133,0.0548,0.911,108556833,118987,108430484,0.0011,0.9988,64280,20155623,https://www.youtube.com/watch?v=QI96KUULaBY,https://www.youtube.com/watch?v=HPo8Wg8aHnQ,"{'likely_relevant': 8, 'needs_review': 5, 'low_relevance': 133}",P0_wait_tiktok_manual_for_deepcrawl,20,wait_tiktok_manual_then_decide,defer,10,TikTok 关键象限/人工核查项目；先列为候选，等 321 条人工表回流后决定是否补到 10 页。,40
4,送王船,Wangchuan ceremony,sample_limit_reached,3,146,True,youtube_three_page_lower_bound_unresolved,309,lower_70_90pct_reach,3.969944,113466,51,547719,0.5043,1,high,stock_low__reach_low,低存量低触达：近乎隐形候选,P0_noise_or_tier_drop,middle_40_70pct_reach,stock_mid,long_tail,10,qualitative_only: TikTok hashtag stock and YouTube collection state are not same units; do not compare numeric magnitude.,146,51,61,34,0.3493,0.2329,547719,113466,276242,0.2072,0.5043,66007,138434,https://www.youtube.com/watch?v=A2Ho4BmE1uI,https://www.youtube.com/watch?v=Jbpf0SznqXI,"{'likely_relevant': 51, 'needs_review': 61, 'low_relevance': 34}",P0_wait_tiktok_manual_for_deepcrawl,20,wait_tiktok_manual_then_decide,defer,10,TikTok 关键象限/人工核查项目；先列为候选，等 321 条人工表回流后决定是否补到 10 页。,41
32,花儿,Hua'er Gansu,sample_limit_reached,3,141,True,youtube_three_page_lower_bound_unresolved,723,middle_40_70pct_reach,5.633062,11329272,198,352841359,0.9637,-1,high,stock_low__reach_low,低存量低触达：近乎隐形候选,P0_noise_or_tier_drop,bottom_10pct_reach,stock_low,near_invisible,10,qualitative_only: TikTok hashtag stock and YouTube collection state are not same units; do not compare numeric magnitude.,141,41,42,58,0.2908,0.4113,13955570,72048,13849565,0.0052,0.9924,29973,4545995,https://www.youtube.com/watch?v=KT9Yf0C0Q0o,https://www.youtube.com/watch?v=sAblAs9tXXY,"{'likely_relevant': 41, 'needs_review': 42, 'low_relevance': 58}",P0_wait_tiktok_manual_for_deepcrawl,20,wait_tiktok_manual_then_decide,defer,10,TikTok 关键象限/人工核查项目；先列为候选，等 321 条人工表回流后决定是否补到 10 页。,42
5,藏医药浴法,Tibetan medicine bath,sample_limit_reached,3,120,True,youtube_three_page_lower_bound_unresolved,618125,bottom_10pct_reach,3.844087,55636,22,143347023,0.384,-3,medium,stock_low__reach_low,低存量低触达：近乎隐形候选,P0_noise_or_tier_drop,bottom_10pct_reach,stock_low,near_invisible,10,qualitative_only: TikTok hashtag stock and YouTube collection state are not same units; do not compare numeric magnitude.,120,22,57,41,0.1833,0.3417,143347023,55636,55038809,0.0004,0.384,23857,43477224,https://www.youtube.com/watch?v=WLQ5rc8vUjs,https://www.youtube.com/watch?v=x6UITRjhijI,"{'low_relevance': 41, 'likely_relevant': 22, 'needs_review': 57}",P0_wait_tiktok_manual_for_deepcrawl,20,wait_tiktok_manual_then_decide,defer,10,TikTok 关键象限/人工核查项目；先列为候选，等 321 条人工表回流后决定是否补到 10 页。,43
32,花儿,Hua'er folk song,sample_limit_reached,3,140,True,youtube_three_page_lower_bound_unresolved,1000000,middle_40_70pct_reach,5.633062,11329272,198,352841359,0.9637,-1,high,stock_low__reach_low,低存量低触达：近乎隐形候选,P0_noise_or_tier_drop,bottom_10pct_reach,stock_low,near_invisible,10,qualitative_only: TikTok hashtag stock and YouTube collection state are not same units; do not compare numeric magnitude.,140,58,32,50,0.4143,0.3571,327681143,45815,326159469,0.0001,0.9954,11982,56091779,https://www.youtube.com/watch?v=iTQYgjiaTMs,https://www.youtube.com/watch?v=9sekgEXGm-E,"{'needs_review': 32, 'likely_relevant': 58, 'low_relevance': 50}",P0_wait_tiktok_manual_for_deepcrawl,20,wait_tiktok_manual_then_decide,defer,10,TikTok 关键象限/人工核查项目；先列为候选，等 321 条人工表回流后决定是否补到 10 页。,44
19,侗族大歌,Dong grand song,sample_limit_reached,3,134,True,youtube_three_page_lower_bound_unresolved,761025,bottom_10pct_reach,3.795371,65920,66,1655512128,1.0,-4,high,stock_low__reach_low,低存量低触达：近乎隐形候选,P0_noise_or_tier_drop,bottom_10pct_reach,stock_low,near_invisible,10,qualitative_only: TikTok hashtag stock and YouTube collection state are not same units; do not compare numeric magnitude.,134,37,2,95,0.2761,0.709,1655364356,37948,1655326307,0.0,1.0,20405,698651077,https://www.youtube.com/watch?v=cbFb8t4U9c0,https://www.youtube.com/watch?v=tcYodQoapMg,"{'low_relevance': 95, 'likely_relevant': 37, 'needs_review': 2}",P0_wait_tiktok_manual_for_deepcrawl,20,wait_tiktok_manual_then_decide,defer,10,TikTok 关键象限/人工核查项目；先列为候选，等 321 条人工表回流后决定是否补到 10 页。,45
33,中国朝鲜族农乐舞,Farmers' dance of China's Korean ethnic group,sample_limit_reached,3,146,True,youtube_three_page_lower_bound_unresolved,1617,bottom_10pct_reach,3.590997,14930,9,351501557,0.9998,-3,high,stock_low__reach_low,低存量低触达：近乎隐形候选,P0_noise_or_tier_drop,lower_70_90pct_reach,stock_low,near_invisible,10,qualitative_only: TikTok hashtag stock and YouTube collection state are not same units; do not compare numeric magnitude.,146,9,34,103,0.0616,0.7055,351501557,14930,351422962,0.0,0.9998,9293,181466138,https://www.youtube.com/watch?v=55M0kqCD1E4,https://www.youtube.com/watch?v=2_FuN1tV19Q,"{'likely_relevant': 9, 'low_relevance': 103, 'needs_review': 34}",P0_wait_tiktok_manual_for_deepcrawl,20,wait_tiktok_manual_then_decide,defer,10,TikTok 关键象限/人工核查项目；先列为候选，等 321 条人工表回流后决定是否补到 10 页。,46
28,热贡艺术,Thangka,sample_limit_reached,3,138,True,youtube_three_page_lower_bound_unresolved,269380,bottom_10pct_reach,3.551164,10170,4,797324594,0.9943,-4,high,stock_low__reach_low,低存量低触达：近乎隐形候选,P0_noise_or_tier_drop,lower_70_90pct_reach,stock_low,near_invisible,10,qualitative_only: TikTok hashtag stock and YouTube collection state are not same units; do not compare numeric magnitude.,138,4,134,0,0.029,0.0,651216,10170,0,0.0156,0.0,8875,50287,https://www.youtube.com/watch?v=kCBCpgvv8L4,https://www.youtube.com/watch?v=M9R4IEmiIPw,"{'needs_review': 134, 'likely_relevant': 4}",P0_wait_tiktok_manual_for_deepcrawl,20,wait_tiktok_manual_then_decide,defer,10,TikTok 关键象限/人工核查项目；先列为候选，等 321 条人工表回流后决定是否补到 10 页。,47
8,福建木偶戏后继人才培养计划,Fujian puppetry,sample_limit_reached,3,136,True,youtube_three_page_lower_bound_unresolved,3890,lower_70_90pct_reach,3.950568,139485,157,2759578,0.1143,0,low,stock_low__reach_low,低存量低触达：近乎隐形候选,P0_noise_or_tier_drop,bottom_10pct_reach,stock_low,near_invisible,10,qualitative_only: TikTok hashtag stock and YouTube collection state are not same units; do not compare numeric magnitude.,136,10,61,65,0.0735,0.4779,2620370,8529,315442,0.0033,0.1204,3638,199382,https://www.youtube.com/watch?v=8rDxjTkMr3E,https://www.youtube.com/watch?v=Y28yEUN8xD4,"{'likely_relevant': 10, 'needs_review': 61, 'low_relevance': 65}",P0_wait_tiktok_manual_for_deepcrawl,20,wait_tiktok_manual_then_decide,defer,10,TikTok 关键象限/人工核查项目；先列为候选，等 321 条人工表回流后决定是否补到 10 页。,48
30,玛纳斯,Chinese Manas epic,sample_limit_reached,3,139,True,youtube_three_page_lower_bound_unresolved,305584,lower_70_90pct_reach,4.191723,113260,20,2670119172,0.9857,-3,high,stock_high__reach_high,真·规模化出海候选,P2_noise_risk,high_20_40pct_reach,stock_high,head,0,qualitative_only: TikTok hashtag stock and YouTube collection state are not same units; do not compare numeric magnitude.,139,20,42,77,0.1439,0.554,2670119172,113260,2631928828,0.0,0.9857,101797,759069202,https://www.youtube.com/watch?v=mMJfMtC7IqE,https://www.youtube.com/watch?v=kxgEBpTEqtE,"{'low_relevance': 77, 'needs_review': 42, 'likely_relevant': 20}",P1_noise_probe_5_pages,35,deepcrawl_to_5_pages_for_noise_diagnosis,to_5_pages,5,raw/low 噪声强或 raw→likely 下跌明显；补到 5 页足够判断噪声结构，不补满 500。,49
18,羌年,Qiang New Year,sample_limit_reached,3,145,True,youtube_three_page_lower_bound_unresolved,305684,bottom_10pct_reach,3.651647,40650,46,168088029,0.7001,-3,high,stock_low__reach_low,低存量低触达：近乎隐形候选,P2_noise_risk,middle_40_70pct_reach,stock_low,near_invisible,0,qualitative_only: TikTok hashtag stock and YouTube collection state are not same units; do not compare numeric magnitude.,145,46,72,27,0.3172,0.1862,168088029,40650,117678110,0.0002,0.7001,8226,48600716,https://www.youtube.com/watch?v=oGKfeU8hgYY,https://www.youtube.com/watch?v=Fumf_S76wBU,"{'likely_relevant': 46, 'low_relevance': 27, 'needs_review': 72}",P1_noise_probe_5_pages,35,deepcrawl_to_5_pages_for_noise_diagnosis,to_5_pages,5,raw/low 噪声强或 raw→likely 下跌明显；补到 5 页足够判断噪声结构，不补满 500。,50
38,端午节,Dragon Boat Festival,sample_limit_reached,3,130,True,youtube_three_page_lower_bound_unresolved,453224,high_20_40pct_reach,6.134716,56333109,237,78825711,0.2527,1,medium,stock_low__reach_low,低存量低触达：近乎隐形候选,P3_normal,middle_40_70pct_reach,stock_mid,long_tail,0,qualitative_only: TikTok hashtag stock and YouTube collection state are not same units; do not compare numeric magnitude.,130,115,13,2,0.8846,0.0154,74138683,51824786,19914950,0.699,0.2686,21373698,21373698,https://www.youtube.com/watch?v=vusE2HqaAEY,https://www.youtube.com/watch?v=vusE2HqaAEY,"{'likely_relevant': 115, 'needs_review': 13, 'low_relevance': 2}",P1_possible_reach_deepcrawl_after_review,45,review_then_maybe_deepcrawl,defer_or_to_10_pages,10,YouTube 触达相对靠前，但噪声或 TikTok 对照优先级不足；等候选表人工看过后再决定。,51
1,春节,Spring Festival,sample_limit_reached,3,128,True,youtube_three_page_lower_bound_unresolved,1000000,top_20pct_reach,7.218688,355723582,186,540089064,0.0057,0,low,stock_high__reach_high,真·规模化出海候选,P3_normal,top_20pct_reach,stock_high,head,0,qualitative_only: TikTok hashtag stock and YouTube collection state are not same units; do not compare numeric magnitude.,128,66,51,11,0.5156,0.0859,178508918,15497004,509345,0.0868,0.0029,4447181,141775756,https://www.youtube.com/watch?v=steK8WKJg5w,https://www.youtube.com/watch?v=JbqN7L7dw3I,"{'needs_review': 51, 'likely_relevant': 66, 'low_relevance': 11}",P1_possible_reach_deepcrawl_after_review,45,review_then_maybe_deepcrawl,defer_or_to_10_pages,10,YouTube 触达相对靠前，但噪声或 TikTok 对照优先级不足；等候选表人工看过后再决定。,52
38,端午节,Duanwu,sample_limit_reached,3,136,True,youtube_three_page_lower_bound_unresolved,138012,high_20_40pct_reach,6.134716,56333109,237,78825711,0.2527,1,medium,stock_low__reach_low,低存量低触达：近乎隐形候选,P3_normal,middle_40_70pct_reach,stock_mid,long_tail,0,qualitative_only: TikTok hashtag stock and YouTube collection state are not same units; do not compare numeric magnitude.,136,130,4,2,0.9559,0.0147,5568120,5388968,3085,0.9678,0.0006,3680338,3680338,https://www.youtube.com/watch?v=wfyPQ8iRvmk,https://www.youtube.com/watch?v=wfyPQ8iRvmk,"{'likely_relevant': 130, 'low_relevance': 2, 'needs_review': 4}",P1_possible_reach_deepcrawl_after_review,45,review_then_maybe_deepcrawl,defer_or_to_10_pages,10,YouTube 触达相对靠前，但噪声或 TikTok 对照优先级不足；等候选表人工看过后再决定。,53
44,蒙古族长调民歌,Mongolian long song,exhausted,3,123,False,youtube_exhausted_low_or_finite_stock,1000000,top_20pct_reach,6.299374,30638803,102,603175977,0.8822,0,high,stock_low__reach_low,低存量低触达：近乎隐形候选,P0_noise_or_tier_drop,lower_70_90pct_reach,stock_low,near_invisible,10,qualitative_only: TikTok hashtag stock and YouTube collection state are not same units; do not compare numeric magnitude.,123,51,26,46,0.4146,0.374,315323579,10480182,277874241,0.0332,0.8812,2027921,67531191,https://www.youtube.com/watch?v=g5eIKXPWzSY,https://www.youtube.com/watch?v=EDK9KOfknTw,"{'likely_relevant': 51, 'low_relevance': 46, 'needs_review': 26}",P2_hold_exhausted_cross_platform_low,70,hold_no_deepcrawl,none,3,3页内自然采空；与 TikTok 低存量方向一致，先保留为跨平台低可见性发现，不补采。,54
31,蒙古族呼麦,Khoomei throat singing,exhausted,3,100,False,youtube_exhausted_low_or_finite_stock,53559,high_20_40pct_reach,6.259811,48078106,117,363381289,0.7415,0,high,stock_low__reach_high,低存量高触达：小而精破圈候选,P1_low_stock_high_reach,top_20pct_reach,stock_low,near_invisible,9,qualitative_only: TikTok hashtag stock and YouTube collection state are not same units; do not compare numeric magnitude.,100,16,20,64,0.16,0.64,267960753,4831403,234401937,0.018,0.8748,3158533,124010688,https://www.youtube.com/watch?v=Mks-Y_PF_7o,https://www.youtube.com/watch?v=jM8dCGIm6yc,"{'low_relevance': 64, 'likely_relevant': 16, 'needs_review': 20}",P2_hold_exhausted_cross_platform_low,70,hold_no_deepcrawl,none,3,3页内自然采空；与 TikTok 低存量方向一致，先保留为跨平台低可见性发现，不补采。,55
27,龙泉青瓷传统烧制技艺,Longquan celadon,exhausted,3,119,False,youtube_exhausted_low_or_finite_stock,13204,middle_40_70pct_reach,5.284177,3191221,97,3254543,0.0065,1,low,stock_low__reach_high,低存量高触达：小而精破圈候选,P1_low_stock_high_reach,high_20_40pct_reach,stock_low,near_invisible,9,qualitative_only: TikTok hashtag stock and YouTube collection state are not same units; do not compare numeric magnitude.,119,97,13,9,0.8151,0.0756,3254543,3191221,21202,0.9805,0.0065,865572,865572,https://www.youtube.com/watch?v=XJ537B0903c,https://www.youtube.com/watch?v=XJ537B0903c,"{'likely_relevant': 97, 'needs_review': 13, 'low_relevance': 9}",P2_hold_exhausted_cross_platform_low,70,hold_no_deepcrawl,none,3,3页内自然采空；与 TikTok 低存量方向一致，先保留为跨平台低可见性发现，不补采。,56
19,侗族大歌,Kgal laox,exhausted,2,64,False,youtube_exhausted_low_or_finite_stock,65,bottom_10pct_reach,3.795371,65920,66,1655512128,1.0,-4,high,stock_low__reach_low,低存量低触达：近乎隐形候选,P0_noise_or_tier_drop,bottom_10pct_reach,stock_low,near_invisible,10,qualitative_only: TikTok hashtag stock and YouTube collection state are not same units; do not compare numeric magnitude.,64,31,11,22,0.4844,0.3438,147981,28181,118371,0.1904,0.7999,5987,96633,https://www.youtube.com/watch?v=N3ZE89-rlnI,https://www.youtube.com/watch?v=kw-ACC26e50,"{'likely_relevant': 31, 'low_relevance': 22, 'needs_review': 11}",P2_hold_exhausted_cross_platform_low,70,hold_no_deepcrawl,none,3,3页内自然采空；与 TikTok 低存量方向一致，先保留为跨平台低可见性发现，不补采。,57
28,热贡艺术,Chinese Regong art,exhausted,3,139,False,youtube_exhausted_low_or_finite_stock,1000000,bottom_10pct_reach,3.551164,10170,4,797324594,0.9943,-4,high,stock_low__reach_low,低存量低触达：近乎隐形候选,P0_noise_or_tier_drop,lower_70_90pct_reach,stock_low,near_invisible,10,qualitative_only: TikTok hashtag stock and YouTube collection state are not same units; do not compare numeric magnitude.,139,0,24,115,0.0,0.8273,796673378,0,792788323,0.0,0.9951,0,273836318,,https://www.youtube.com/watch?v=zNIc0WipriU,"{'low_relevance': 115, 'needs_review': 24}",P2_hold_exhausted_cross_platform_low,70,hold_no_deepcrawl,none,3,3页内自然采空；与 TikTok 低存量方向一致，先保留为跨平台低可见性发现，不补采。,58
36,中国剪纸,Chinese paper cutting,sample_limit_reached,3,148,True,youtube_three_page_lower_bound_unresolved,1000000,middle_40_70pct_reach,5.661199,12616955,265,12631302,0.0,1,low,stock_high__reach_high,真·规模化出海候选,P3_normal,high_20_40pct_reach,stock_high,mid,0,qualitative_only: TikTok hashtag stock and YouTube collection state are not same units; do not compare numeric magnitude.,148,147,1,0,0.9932,0.0,12506589,12494961,0,0.9991,0.0,6478355,6478355,https://www.youtube.com/watch?v=Rz-VExRz2yo,https://www.youtube.com/watch?v=Rz-VExRz2yo,"{'likely_relevant': 147, 'needs_review': 1}",P3_no_deepcrawl_now,90,no_deepcrawl_now,none,3,当前不是结论关键项；保持 3 页样本，暂不烧配额。,59
36,中国剪纸,Jianzhi,sample_limit_reached,3,140,True,youtube_three_page_lower_bound_unresolved,17495,middle_40_70pct_reach,5.661199,12616955,265,12631302,0.0,1,low,stock_high__reach_high,真·规模化出海候选,P3_normal,high_20_40pct_reach,stock_high,mid,0,qualitative_only: TikTok hashtag stock and YouTube collection state are not same units; do not compare numeric magnitude.,140,137,2,1,0.9786,0.0071,565314,550967,563,0.9746,0.001,121515,121515,https://www.youtube.com/watch?v=uRmRdUvCY_s,https://www.youtube.com/watch?v=uRmRdUvCY_s,"{'likely_relevant': 137, 'needs_review': 2, 'low_relevance': 1}",P3_no_deepcrawl_now,90,no_deepcrawl_now,none,3,当前不是结论关键项；保持 3 页样本，暂不烧配额。,60
23,南京云锦织造技艺,Nanjing Yunjin brocade,sample_limit_reached,3,149,True,youtube_three_page_lower_bound_unresolved,2473,lower_70_90pct_reach,3.91507,78944,62,5764367,0.1249,0,low,stock_high__reach_high,真·规模化出海候选,P2_noise_risk,high_20_40pct_reach,stock_high,head,0,qualitative_only: TikTok hashtag stock and YouTube collection state are not same units; do not compare numeric magnitude.,149,62,55,32,0.4161,0.2148,5764367,78944,719765,0.0137,0.1249,30779,3804841,https://www.youtube.com/watch?v=xyyQzyvJkgg,https://www.youtube.com/watch?v=KBPIqIvdvys,"{'needs_review': 55, 'likely_relevant': 62, 'low_relevance': 32}",P3_no_deepcrawl_now,90,no_deepcrawl_now,none,3,当前不是结论关键项；保持 3 页样本，暂不烧配额。,61
